--
-- PostgreSQL database dump
--

-- Dumped from database version 13.0
-- Dumped by pg_dump version 13.0

SET statement_timeout = 0;
SET lock_timeout = 0;
SET idle_in_transaction_session_timeout = 0;
SET client_encoding = 'UTF8';
SET standard_conforming_strings = on;
SELECT pg_catalog.set_config('search_path', '', false);
SET check_function_bodies = false;
SET xmloption = content;
SET client_min_messages = warning;
SET row_security = off;

SET default_tablespace = '';

SET default_table_access_method = heap;

--
-- Name: auth_group; Type: TABLE; Schema: public; Owner: postgres
--

CREATE TABLE public.auth_group (
    id integer NOT NULL,
    name character varying(150) NOT NULL
);


ALTER TABLE public.auth_group OWNER TO postgres;

--
-- Name: auth_group_id_seq; Type: SEQUENCE; Schema: public; Owner: postgres
--

CREATE SEQUENCE public.auth_group_id_seq
    AS integer
    START WITH 1
    INCREMENT BY 1
    NO MINVALUE
    NO MAXVALUE
    CACHE 1;


ALTER TABLE public.auth_group_id_seq OWNER TO postgres;

--
-- Name: auth_group_id_seq; Type: SEQUENCE OWNED BY; Schema: public; Owner: postgres
--

ALTER SEQUENCE public.auth_group_id_seq OWNED BY public.auth_group.id;


--
-- Name: auth_group_permissions; Type: TABLE; Schema: public; Owner: postgres
--

CREATE TABLE public.auth_group_permissions (
    id integer NOT NULL,
    group_id integer NOT NULL,
    permission_id integer NOT NULL
);


ALTER TABLE public.auth_group_permissions OWNER TO postgres;

--
-- Name: auth_group_permissions_id_seq; Type: SEQUENCE; Schema: public; Owner: postgres
--

CREATE SEQUENCE public.auth_group_permissions_id_seq
    AS integer
    START WITH 1
    INCREMENT BY 1
    NO MINVALUE
    NO MAXVALUE
    CACHE 1;


ALTER TABLE public.auth_group_permissions_id_seq OWNER TO postgres;

--
-- Name: auth_group_permissions_id_seq; Type: SEQUENCE OWNED BY; Schema: public; Owner: postgres
--

ALTER SEQUENCE public.auth_group_permissions_id_seq OWNED BY public.auth_group_permissions.id;


--
-- Name: auth_permission; Type: TABLE; Schema: public; Owner: postgres
--

CREATE TABLE public.auth_permission (
    id integer NOT NULL,
    name character varying(255) NOT NULL,
    content_type_id integer NOT NULL,
    codename character varying(100) NOT NULL
);


ALTER TABLE public.auth_permission OWNER TO postgres;

--
-- Name: auth_permission_id_seq; Type: SEQUENCE; Schema: public; Owner: postgres
--

CREATE SEQUENCE public.auth_permission_id_seq
    AS integer
    START WITH 1
    INCREMENT BY 1
    NO MINVALUE
    NO MAXVALUE
    CACHE 1;


ALTER TABLE public.auth_permission_id_seq OWNER TO postgres;

--
-- Name: auth_permission_id_seq; Type: SEQUENCE OWNED BY; Schema: public; Owner: postgres
--

ALTER SEQUENCE public.auth_permission_id_seq OWNED BY public.auth_permission.id;


--
-- Name: django_admin_log; Type: TABLE; Schema: public; Owner: postgres
--

CREATE TABLE public.django_admin_log (
    id integer NOT NULL,
    action_time timestamp with time zone NOT NULL,
    object_id text,
    object_repr character varying(200) NOT NULL,
    action_flag smallint NOT NULL,
    change_message text NOT NULL,
    content_type_id integer,
    user_id integer NOT NULL,
    CONSTRAINT django_admin_log_action_flag_check CHECK ((action_flag >= 0))
);


ALTER TABLE public.django_admin_log OWNER TO postgres;

--
-- Name: django_admin_log_id_seq; Type: SEQUENCE; Schema: public; Owner: postgres
--

CREATE SEQUENCE public.django_admin_log_id_seq
    AS integer
    START WITH 1
    INCREMENT BY 1
    NO MINVALUE
    NO MAXVALUE
    CACHE 1;


ALTER TABLE public.django_admin_log_id_seq OWNER TO postgres;

--
-- Name: django_admin_log_id_seq; Type: SEQUENCE OWNED BY; Schema: public; Owner: postgres
--

ALTER SEQUENCE public.django_admin_log_id_seq OWNED BY public.django_admin_log.id;


--
-- Name: django_content_type; Type: TABLE; Schema: public; Owner: postgres
--

CREATE TABLE public.django_content_type (
    id integer NOT NULL,
    app_label character varying(100) NOT NULL,
    model character varying(100) NOT NULL
);


ALTER TABLE public.django_content_type OWNER TO postgres;

--
-- Name: django_content_type_id_seq; Type: SEQUENCE; Schema: public; Owner: postgres
--

CREATE SEQUENCE public.django_content_type_id_seq
    AS integer
    START WITH 1
    INCREMENT BY 1
    NO MINVALUE
    NO MAXVALUE
    CACHE 1;


ALTER TABLE public.django_content_type_id_seq OWNER TO postgres;

--
-- Name: django_content_type_id_seq; Type: SEQUENCE OWNED BY; Schema: public; Owner: postgres
--

ALTER SEQUENCE public.django_content_type_id_seq OWNED BY public.django_content_type.id;


--
-- Name: django_migrations; Type: TABLE; Schema: public; Owner: postgres
--

CREATE TABLE public.django_migrations (
    id integer NOT NULL,
    app character varying(255) NOT NULL,
    name character varying(255) NOT NULL,
    applied timestamp with time zone NOT NULL
);


ALTER TABLE public.django_migrations OWNER TO postgres;

--
-- Name: django_migrations_id_seq; Type: SEQUENCE; Schema: public; Owner: postgres
--

CREATE SEQUENCE public.django_migrations_id_seq
    AS integer
    START WITH 1
    INCREMENT BY 1
    NO MINVALUE
    NO MAXVALUE
    CACHE 1;


ALTER TABLE public.django_migrations_id_seq OWNER TO postgres;

--
-- Name: django_migrations_id_seq; Type: SEQUENCE OWNED BY; Schema: public; Owner: postgres
--

ALTER SEQUENCE public.django_migrations_id_seq OWNED BY public.django_migrations.id;


--
-- Name: django_session; Type: TABLE; Schema: public; Owner: postgres
--

CREATE TABLE public.django_session (
    session_key character varying(40) NOT NULL,
    session_data text NOT NULL,
    expire_date timestamp with time zone NOT NULL
);


ALTER TABLE public.django_session OWNER TO postgres;

--
-- Name: home_captcha; Type: TABLE; Schema: public; Owner: postgres
--

CREATE TABLE public.home_captcha (
    id integer NOT NULL,
    captcha_input character varying(10) NOT NULL,
    captcha_img character varying(100) NOT NULL
);


ALTER TABLE public.home_captcha OWNER TO postgres;

--
-- Name: home_captcha_id_seq; Type: SEQUENCE; Schema: public; Owner: postgres
--

CREATE SEQUENCE public.home_captcha_id_seq
    AS integer
    START WITH 1
    INCREMENT BY 1
    NO MINVALUE
    NO MAXVALUE
    CACHE 1;


ALTER TABLE public.home_captcha_id_seq OWNER TO postgres;

--
-- Name: home_captcha_id_seq; Type: SEQUENCE OWNED BY; Schema: public; Owner: postgres
--

ALTER SEQUENCE public.home_captcha_id_seq OWNED BY public.home_captcha.id;


--
-- Name: home_loggedinuser; Type: TABLE; Schema: public; Owner: postgres
--

CREATE TABLE public.home_loggedinuser (
    id integer NOT NULL,
    session_key character varying(32),
    user_id integer NOT NULL
);


ALTER TABLE public.home_loggedinuser OWNER TO postgres;

--
-- Name: home_loggedinuser_id_seq; Type: SEQUENCE; Schema: public; Owner: postgres
--

CREATE SEQUENCE public.home_loggedinuser_id_seq
    AS integer
    START WITH 1
    INCREMENT BY 1
    NO MINVALUE
    NO MAXVALUE
    CACHE 1;


ALTER TABLE public.home_loggedinuser_id_seq OWNER TO postgres;

--
-- Name: home_loggedinuser_id_seq; Type: SEQUENCE OWNED BY; Schema: public; Owner: postgres
--

ALTER SEQUENCE public.home_loggedinuser_id_seq OWNED BY public.home_loggedinuser.id;


--
-- Name: home_multiplechoicequestion; Type: TABLE; Schema: public; Owner: postgres
--

CREATE TABLE public.home_multiplechoicequestion (
    id integer NOT NULL,
    question_no integer NOT NULL,
    question text NOT NULL,
    option1 character varying(100) NOT NULL,
    option2 character varying(100) NOT NULL,
    option3 character varying(100) NOT NULL,
    option4 character varying(100) NOT NULL,
    answer character varying(100) NOT NULL,
    quiz_id integer NOT NULL,
    is_multiple_ans character varying(1) NOT NULL
);


ALTER TABLE public.home_multiplechoicequestion OWNER TO postgres;

--
-- Name: home_multiplechoicequestion_id_seq; Type: SEQUENCE; Schema: public; Owner: postgres
--

CREATE SEQUENCE public.home_multiplechoicequestion_id_seq
    AS integer
    START WITH 1
    INCREMENT BY 1
    NO MINVALUE
    NO MAXVALUE
    CACHE 1;


ALTER TABLE public.home_multiplechoicequestion_id_seq OWNER TO postgres;

--
-- Name: home_multiplechoicequestion_id_seq; Type: SEQUENCE OWNED BY; Schema: public; Owner: postgres
--

ALTER SEQUENCE public.home_multiplechoicequestion_id_seq OWNED BY public.home_multiplechoicequestion.id;


--
-- Name: home_qpuser; Type: TABLE; Schema: public; Owner: postgres
--

CREATE TABLE public.home_qpuser (
    id integer NOT NULL,
    password character varying(128) NOT NULL,
    last_login timestamp with time zone,
    is_superuser boolean NOT NULL,
    username character varying(150) NOT NULL,
    first_name character varying(150) NOT NULL,
    last_name character varying(150) NOT NULL,
    email character varying(254) NOT NULL,
    is_staff boolean NOT NULL,
    is_active boolean NOT NULL,
    date_joined timestamp with time zone NOT NULL,
    gender character varying(10) NOT NULL,
    mobile_number character varying(10) NOT NULL,
    idno character varying(10) NOT NULL,
    date_of_birth date NOT NULL,
    is_teacher boolean NOT NULL,
    is_student boolean NOT NULL,
    school_id integer NOT NULL,
    section_id integer NOT NULL,
    standard_id integer NOT NULL
);


ALTER TABLE public.home_qpuser OWNER TO postgres;

--
-- Name: home_qpuser_groups; Type: TABLE; Schema: public; Owner: postgres
--

CREATE TABLE public.home_qpuser_groups (
    id integer NOT NULL,
    qpuser_id integer NOT NULL,
    group_id integer NOT NULL
);


ALTER TABLE public.home_qpuser_groups OWNER TO postgres;

--
-- Name: home_qpuser_groups_id_seq; Type: SEQUENCE; Schema: public; Owner: postgres
--

CREATE SEQUENCE public.home_qpuser_groups_id_seq
    AS integer
    START WITH 1
    INCREMENT BY 1
    NO MINVALUE
    NO MAXVALUE
    CACHE 1;


ALTER TABLE public.home_qpuser_groups_id_seq OWNER TO postgres;

--
-- Name: home_qpuser_groups_id_seq; Type: SEQUENCE OWNED BY; Schema: public; Owner: postgres
--

ALTER SEQUENCE public.home_qpuser_groups_id_seq OWNED BY public.home_qpuser_groups.id;


--
-- Name: home_qpuser_id_seq; Type: SEQUENCE; Schema: public; Owner: postgres
--

CREATE SEQUENCE public.home_qpuser_id_seq
    AS integer
    START WITH 1
    INCREMENT BY 1
    NO MINVALUE
    NO MAXVALUE
    CACHE 1;


ALTER TABLE public.home_qpuser_id_seq OWNER TO postgres;

--
-- Name: home_qpuser_id_seq; Type: SEQUENCE OWNED BY; Schema: public; Owner: postgres
--

ALTER SEQUENCE public.home_qpuser_id_seq OWNED BY public.home_qpuser.id;


--
-- Name: home_qpuser_user_permissions; Type: TABLE; Schema: public; Owner: postgres
--

CREATE TABLE public.home_qpuser_user_permissions (
    id integer NOT NULL,
    qpuser_id integer NOT NULL,
    permission_id integer NOT NULL
);


ALTER TABLE public.home_qpuser_user_permissions OWNER TO postgres;

--
-- Name: home_qpuser_user_permissions_id_seq; Type: SEQUENCE; Schema: public; Owner: postgres
--

CREATE SEQUENCE public.home_qpuser_user_permissions_id_seq
    AS integer
    START WITH 1
    INCREMENT BY 1
    NO MINVALUE
    NO MAXVALUE
    CACHE 1;


ALTER TABLE public.home_qpuser_user_permissions_id_seq OWNER TO postgres;

--
-- Name: home_qpuser_user_permissions_id_seq; Type: SEQUENCE OWNED BY; Schema: public; Owner: postgres
--

ALTER SEQUENCE public.home_qpuser_user_permissions_id_seq OWNED BY public.home_qpuser_user_permissions.id;


--
-- Name: home_quiz; Type: TABLE; Schema: public; Owner: postgres
--

CREATE TABLE public.home_quiz (
    id integer NOT NULL,
    name character varying(200) NOT NULL,
    date_created timestamp with time zone NOT NULL,
    start_time timestamp with time zone NOT NULL,
    quiz_description character varying(200) NOT NULL,
    duration integer NOT NULL,
    assigned_to_id integer NOT NULL,
    created_by_id integer NOT NULL,
    end_time timestamp with time zone NOT NULL
);


ALTER TABLE public.home_quiz OWNER TO postgres;

--
-- Name: home_quiz_id_seq; Type: SEQUENCE; Schema: public; Owner: postgres
--

CREATE SEQUENCE public.home_quiz_id_seq
    AS integer
    START WITH 1
    INCREMENT BY 1
    NO MINVALUE
    NO MAXVALUE
    CACHE 1;


ALTER TABLE public.home_quiz_id_seq OWNER TO postgres;

--
-- Name: home_quiz_id_seq; Type: SEQUENCE OWNED BY; Schema: public; Owner: postgres
--

ALTER SEQUENCE public.home_quiz_id_seq OWNED BY public.home_quiz.id;


--
-- Name: home_school; Type: TABLE; Schema: public; Owner: postgres
--

CREATE TABLE public.home_school (
    id integer NOT NULL,
    school_name character varying(200) NOT NULL,
    address text NOT NULL
);


ALTER TABLE public.home_school OWNER TO postgres;

--
-- Name: home_school_id_seq; Type: SEQUENCE; Schema: public; Owner: postgres
--

CREATE SEQUENCE public.home_school_id_seq
    AS integer
    START WITH 1
    INCREMENT BY 1
    NO MINVALUE
    NO MAXVALUE
    CACHE 1;


ALTER TABLE public.home_school_id_seq OWNER TO postgres;

--
-- Name: home_school_id_seq; Type: SEQUENCE OWNED BY; Schema: public; Owner: postgres
--

ALTER SEQUENCE public.home_school_id_seq OWNED BY public.home_school.id;


--
-- Name: home_score; Type: TABLE; Schema: public; Owner: postgres
--

CREATE TABLE public.home_score (
    id integer NOT NULL,
    score integer NOT NULL,
    qpuser_id integer NOT NULL,
    quizid_id integer NOT NULL,
    max_score integer NOT NULL
);


ALTER TABLE public.home_score OWNER TO postgres;

--
-- Name: home_score_id_seq; Type: SEQUENCE; Schema: public; Owner: postgres
--

CREATE SEQUENCE public.home_score_id_seq
    AS integer
    START WITH 1
    INCREMENT BY 1
    NO MINVALUE
    NO MAXVALUE
    CACHE 1;


ALTER TABLE public.home_score_id_seq OWNER TO postgres;

--
-- Name: home_score_id_seq; Type: SEQUENCE OWNED BY; Schema: public; Owner: postgres
--

ALTER SEQUENCE public.home_score_id_seq OWNED BY public.home_score.id;


--
-- Name: home_section; Type: TABLE; Schema: public; Owner: postgres
--

CREATE TABLE public.home_section (
    id integer NOT NULL,
    section_name character varying(50) NOT NULL,
    standard_id integer NOT NULL
);


ALTER TABLE public.home_section OWNER TO postgres;

--
-- Name: home_section_id_seq; Type: SEQUENCE; Schema: public; Owner: postgres
--

CREATE SEQUENCE public.home_section_id_seq
    AS integer
    START WITH 1
    INCREMENT BY 1
    NO MINVALUE
    NO MAXVALUE
    CACHE 1;


ALTER TABLE public.home_section_id_seq OWNER TO postgres;

--
-- Name: home_section_id_seq; Type: SEQUENCE OWNED BY; Schema: public; Owner: postgres
--

ALTER SEQUENCE public.home_section_id_seq OWNED BY public.home_section.id;


--
-- Name: home_standard; Type: TABLE; Schema: public; Owner: postgres
--

CREATE TABLE public.home_standard (
    id integer NOT NULL,
    standard_name character varying(50) NOT NULL,
    school_id integer NOT NULL
);


ALTER TABLE public.home_standard OWNER TO postgres;

--
-- Name: home_standard_id_seq; Type: SEQUENCE; Schema: public; Owner: postgres
--

CREATE SEQUENCE public.home_standard_id_seq
    AS integer
    START WITH 1
    INCREMENT BY 1
    NO MINVALUE
    NO MAXVALUE
    CACHE 1;


ALTER TABLE public.home_standard_id_seq OWNER TO postgres;

--
-- Name: home_standard_id_seq; Type: SEQUENCE OWNED BY; Schema: public; Owner: postgres
--

ALTER SEQUENCE public.home_standard_id_seq OWNED BY public.home_standard.id;


--
-- Name: auth_group id; Type: DEFAULT; Schema: public; Owner: postgres
--

ALTER TABLE ONLY public.auth_group ALTER COLUMN id SET DEFAULT nextval('public.auth_group_id_seq'::regclass);


--
-- Name: auth_group_permissions id; Type: DEFAULT; Schema: public; Owner: postgres
--

ALTER TABLE ONLY public.auth_group_permissions ALTER COLUMN id SET DEFAULT nextval('public.auth_group_permissions_id_seq'::regclass);


--
-- Name: auth_permission id; Type: DEFAULT; Schema: public; Owner: postgres
--

ALTER TABLE ONLY public.auth_permission ALTER COLUMN id SET DEFAULT nextval('public.auth_permission_id_seq'::regclass);


--
-- Name: django_admin_log id; Type: DEFAULT; Schema: public; Owner: postgres
--

ALTER TABLE ONLY public.django_admin_log ALTER COLUMN id SET DEFAULT nextval('public.django_admin_log_id_seq'::regclass);


--
-- Name: django_content_type id; Type: DEFAULT; Schema: public; Owner: postgres
--

ALTER TABLE ONLY public.django_content_type ALTER COLUMN id SET DEFAULT nextval('public.django_content_type_id_seq'::regclass);


--
-- Name: django_migrations id; Type: DEFAULT; Schema: public; Owner: postgres
--

ALTER TABLE ONLY public.django_migrations ALTER COLUMN id SET DEFAULT nextval('public.django_migrations_id_seq'::regclass);


--
-- Name: home_captcha id; Type: DEFAULT; Schema: public; Owner: postgres
--

ALTER TABLE ONLY public.home_captcha ALTER COLUMN id SET DEFAULT nextval('public.home_captcha_id_seq'::regclass);


--
-- Name: home_loggedinuser id; Type: DEFAULT; Schema: public; Owner: postgres
--

ALTER TABLE ONLY public.home_loggedinuser ALTER COLUMN id SET DEFAULT nextval('public.home_loggedinuser_id_seq'::regclass);


--
-- Name: home_multiplechoicequestion id; Type: DEFAULT; Schema: public; Owner: postgres
--

ALTER TABLE ONLY public.home_multiplechoicequestion ALTER COLUMN id SET DEFAULT nextval('public.home_multiplechoicequestion_id_seq'::regclass);


--
-- Name: home_qpuser id; Type: DEFAULT; Schema: public; Owner: postgres
--

ALTER TABLE ONLY public.home_qpuser ALTER COLUMN id SET DEFAULT nextval('public.home_qpuser_id_seq'::regclass);


--
-- Name: home_qpuser_groups id; Type: DEFAULT; Schema: public; Owner: postgres
--

ALTER TABLE ONLY public.home_qpuser_groups ALTER COLUMN id SET DEFAULT nextval('public.home_qpuser_groups_id_seq'::regclass);


--
-- Name: home_qpuser_user_permissions id; Type: DEFAULT; Schema: public; Owner: postgres
--

ALTER TABLE ONLY public.home_qpuser_user_permissions ALTER COLUMN id SET DEFAULT nextval('public.home_qpuser_user_permissions_id_seq'::regclass);


--
-- Name: home_quiz id; Type: DEFAULT; Schema: public; Owner: postgres
--

ALTER TABLE ONLY public.home_quiz ALTER COLUMN id SET DEFAULT nextval('public.home_quiz_id_seq'::regclass);


--
-- Name: home_school id; Type: DEFAULT; Schema: public; Owner: postgres
--

ALTER TABLE ONLY public.home_school ALTER COLUMN id SET DEFAULT nextval('public.home_school_id_seq'::regclass);


--
-- Name: home_score id; Type: DEFAULT; Schema: public; Owner: postgres
--

ALTER TABLE ONLY public.home_score ALTER COLUMN id SET DEFAULT nextval('public.home_score_id_seq'::regclass);


--
-- Name: home_section id; Type: DEFAULT; Schema: public; Owner: postgres
--

ALTER TABLE ONLY public.home_section ALTER COLUMN id SET DEFAULT nextval('public.home_section_id_seq'::regclass);


--
-- Name: home_standard id; Type: DEFAULT; Schema: public; Owner: postgres
--

ALTER TABLE ONLY public.home_standard ALTER COLUMN id SET DEFAULT nextval('public.home_standard_id_seq'::regclass);


--
-- Data for Name: auth_group; Type: TABLE DATA; Schema: public; Owner: postgres
--

COPY public.auth_group (id, name) FROM stdin;
\.


--
-- Data for Name: auth_group_permissions; Type: TABLE DATA; Schema: public; Owner: postgres
--

COPY public.auth_group_permissions (id, group_id, permission_id) FROM stdin;
\.


--
-- Data for Name: auth_permission; Type: TABLE DATA; Schema: public; Owner: postgres
--

COPY public.auth_permission (id, name, content_type_id, codename) FROM stdin;
1	Can add User	1	add_qpuser
2	Can change User	1	change_qpuser
3	Can delete User	1	delete_qpuser
4	Can view User	1	view_qpuser
5	Can add school	2	add_school
6	Can change school	2	change_school
7	Can delete school	2	delete_school
8	Can view school	2	view_school
9	Can add standard	3	add_standard
10	Can change standard	3	change_standard
11	Can delete standard	3	delete_standard
12	Can view standard	3	view_standard
13	Can add section	4	add_section
14	Can change section	4	change_section
15	Can delete section	4	delete_section
16	Can view section	4	view_section
17	Can add quiz	5	add_quiz
18	Can change quiz	5	change_quiz
19	Can delete quiz	5	delete_quiz
20	Can view quiz	5	view_quiz
21	Can add multiple choice question	6	add_multiplechoicequestion
22	Can change multiple choice question	6	change_multiplechoicequestion
23	Can delete multiple choice question	6	delete_multiplechoicequestion
24	Can view multiple choice question	6	view_multiplechoicequestion
25	Can add log entry	7	add_logentry
26	Can change log entry	7	change_logentry
27	Can delete log entry	7	delete_logentry
28	Can view log entry	7	view_logentry
29	Can add permission	8	add_permission
30	Can change permission	8	change_permission
31	Can delete permission	8	delete_permission
32	Can view permission	8	view_permission
33	Can add group	9	add_group
34	Can change group	9	change_group
35	Can delete group	9	delete_group
36	Can view group	9	view_group
37	Can add content type	10	add_contenttype
38	Can change content type	10	change_contenttype
39	Can delete content type	10	delete_contenttype
40	Can view content type	10	view_contenttype
41	Can add session	11	add_session
42	Can change session	11	change_session
43	Can delete session	11	delete_session
44	Can view session	11	view_session
45	Can add files admin	12	add_filesadmin
46	Can change files admin	12	change_filesadmin
47	Can delete files admin	12	delete_filesadmin
48	Can view files admin	12	view_filesadmin
49	Can add score	13	add_score
50	Can change score	13	change_score
51	Can delete score	13	delete_score
52	Can view score	13	view_score
53	Can add captcha	14	add_captcha
54	Can change captcha	14	change_captcha
55	Can delete captcha	14	delete_captcha
56	Can view captcha	14	view_captcha
57	Can add logged in user	15	add_loggedinuser
58	Can change logged in user	15	change_loggedinuser
59	Can delete logged in user	15	delete_loggedinuser
60	Can view logged in user	15	view_loggedinuser
\.


--
-- Data for Name: django_admin_log; Type: TABLE DATA; Schema: public; Owner: postgres
--

COPY public.django_admin_log (id, action_time, object_id, object_repr, action_flag, change_message, content_type_id, user_id) FROM stdin;
1	2020-10-30 14:31:26.289627+05:30	1	Quiz object (1)	1	[{"added": {}}]	5	3
2	2020-11-23 19:55:31.397789+05:30	1	Captcha object (1)	1	[{"added": {}}]	14	3
3	2020-11-23 20:30:04.56024+05:30	2	Captcha object (2)	1	[{"added": {}}]	14	3
4	2020-11-23 20:44:49.888246+05:30	3	Captcha object (3)	1	[{"added": {}}]	14	3
5	2020-11-23 20:44:55.450512+05:30	4	Captcha object (4)	1	[{"added": {}}]	14	3
6	2020-11-23 20:45:01.089279+05:30	5	Captcha object (5)	1	[{"added": {}}]	14	3
7	2020-11-23 20:45:06.624452+05:30	6	Captcha object (6)	1	[{"added": {}}]	14	3
8	2020-11-23 20:45:12.204369+05:30	7	Captcha object (7)	1	[{"added": {}}]	14	3
9	2020-11-23 20:45:17.78542+05:30	8	Captcha object (8)	1	[{"added": {}}]	14	3
10	2020-11-23 20:45:23.379095+05:30	9	Captcha object (9)	1	[{"added": {}}]	14	3
11	2020-11-23 20:45:28.912623+05:30	10	Captcha object (10)	1	[{"added": {}}]	14	3
12	2020-11-23 20:45:34.488292+05:30	11	Captcha object (11)	1	[{"added": {}}]	14	3
13	2020-11-23 20:45:40.000831+05:30	12	Captcha object (12)	1	[{"added": {}}]	14	3
14	2020-11-23 20:45:45.511024+05:30	13	Captcha object (13)	1	[{"added": {}}]	14	3
15	2020-11-23 20:45:51.136445+05:30	14	Captcha object (14)	1	[{"added": {}}]	14	3
16	2020-11-23 20:45:56.694239+05:30	15	Captcha object (15)	1	[{"added": {}}]	14	3
17	2020-11-23 20:46:02.310704+05:30	16	Captcha object (16)	1	[{"added": {}}]	14	3
18	2020-11-23 20:46:07.861971+05:30	17	Captcha object (17)	1	[{"added": {}}]	14	3
19	2020-11-23 20:46:13.481541+05:30	18	Captcha object (18)	1	[{"added": {}}]	14	3
20	2020-11-23 20:46:19.13594+05:30	19	Captcha object (19)	1	[{"added": {}}]	14	3
21	2020-11-23 20:46:24.674688+05:30	20	Captcha object (20)	1	[{"added": {}}]	14	3
22	2020-11-23 20:46:30.213942+05:30	21	Captcha object (21)	1	[{"added": {}}]	14	3
23	2020-11-23 20:46:35.884583+05:30	22	Captcha object (22)	1	[{"added": {}}]	14	3
24	2020-11-23 20:46:41.485028+05:30	23	Captcha object (23)	1	[{"added": {}}]	14	3
25	2020-11-23 20:46:47.011459+05:30	24	Captcha object (24)	1	[{"added": {}}]	14	3
26	2020-11-23 20:46:52.503255+05:30	25	Captcha object (25)	1	[{"added": {}}]	14	3
27	2020-11-23 20:46:58.03809+05:30	26	Captcha object (26)	1	[{"added": {}}]	14	3
28	2020-11-23 20:47:03.522993+05:30	27	Captcha object (27)	1	[{"added": {}}]	14	3
29	2020-11-23 20:47:09.206293+05:30	28	Captcha object (28)	1	[{"added": {}}]	14	3
30	2020-11-23 20:47:14.838009+05:30	29	Captcha object (29)	1	[{"added": {}}]	14	3
31	2020-11-23 20:47:20.349705+05:30	30	Captcha object (30)	1	[{"added": {}}]	14	3
32	2020-11-23 20:47:25.954788+05:30	31	Captcha object (31)	1	[{"added": {}}]	14	3
33	2020-11-23 20:47:31.589746+05:30	32	Captcha object (32)	1	[{"added": {}}]	14	3
34	2020-11-23 20:47:37.04242+05:30	33	Captcha object (33)	1	[{"added": {}}]	14	3
35	2020-11-23 20:47:42.598117+05:30	34	Captcha object (34)	1	[{"added": {}}]	14	3
36	2020-11-23 20:47:48.184971+05:30	35	Captcha object (35)	1	[{"added": {}}]	14	3
37	2020-11-23 20:47:53.736492+05:30	36	Captcha object (36)	1	[{"added": {}}]	14	3
38	2020-11-23 20:47:59.374612+05:30	37	Captcha object (37)	1	[{"added": {}}]	14	3
39	2020-11-23 20:48:05.021336+05:30	38	Captcha object (38)	1	[{"added": {}}]	14	3
40	2020-11-23 20:48:10.57466+05:30	39	Captcha object (39)	1	[{"added": {}}]	14	3
41	2020-11-23 20:48:16.143192+05:30	40	Captcha object (40)	1	[{"added": {}}]	14	3
42	2020-11-23 20:48:21.748291+05:30	41	Captcha object (41)	1	[{"added": {}}]	14	3
43	2020-11-23 20:48:27.303456+05:30	42	Captcha object (42)	1	[{"added": {}}]	14	3
44	2020-11-23 20:48:32.888343+05:30	43	Captcha object (43)	1	[{"added": {}}]	14	3
45	2020-11-23 20:48:38.471089+05:30	44	Captcha object (44)	1	[{"added": {}}]	14	3
46	2020-11-23 20:48:44.058958+05:30	45	Captcha object (45)	1	[{"added": {}}]	14	3
47	2020-11-23 20:48:49.834205+05:30	46	Captcha object (46)	1	[{"added": {}}]	14	3
48	2020-11-23 20:48:55.409686+05:30	47	Captcha object (47)	1	[{"added": {}}]	14	3
49	2020-11-23 20:49:00.999285+05:30	48	Captcha object (48)	1	[{"added": {}}]	14	3
50	2020-11-23 20:49:06.637755+05:30	49	Captcha object (49)	1	[{"added": {}}]	14	3
51	2020-11-23 20:49:12.180925+05:30	50	Captcha object (50)	1	[{"added": {}}]	14	3
52	2020-11-23 20:49:17.7116+05:30	51	Captcha object (51)	1	[{"added": {}}]	14	3
53	2020-11-23 20:49:23.305813+05:30	52	Captcha object (52)	1	[{"added": {}}]	14	3
54	2020-11-23 20:49:28.901342+05:30	53	Captcha object (53)	1	[{"added": {}}]	14	3
55	2020-11-23 20:49:34.541023+05:30	54	Captcha object (54)	1	[{"added": {}}]	14	3
56	2020-11-23 20:49:40.108946+05:30	55	Captcha object (55)	1	[{"added": {}}]	14	3
57	2020-11-23 20:49:45.713926+05:30	56	Captcha object (56)	1	[{"added": {}}]	14	3
58	2020-11-23 20:49:51.338491+05:30	57	Captcha object (57)	1	[{"added": {}}]	14	3
59	2020-11-23 20:49:56.886197+05:30	58	Captcha object (58)	1	[{"added": {}}]	14	3
60	2020-11-23 20:50:02.535954+05:30	59	Captcha object (59)	1	[{"added": {}}]	14	3
61	2020-11-23 20:50:08.033753+05:30	60	Captcha object (60)	1	[{"added": {}}]	14	3
62	2020-11-23 20:50:13.597176+05:30	61	Captcha object (61)	1	[{"added": {}}]	14	3
63	2020-11-23 20:50:19.265602+05:30	62	Captcha object (62)	1	[{"added": {}}]	14	3
64	2020-11-23 20:50:24.813967+05:30	63	Captcha object (63)	1	[{"added": {}}]	14	3
65	2020-11-23 20:50:30.360807+05:30	64	Captcha object (64)	1	[{"added": {}}]	14	3
66	2020-11-23 20:50:35.968961+05:30	65	Captcha object (65)	1	[{"added": {}}]	14	3
67	2020-11-23 20:50:41.539761+05:30	66	Captcha object (66)	1	[{"added": {}}]	14	3
68	2020-11-23 20:50:47.036701+05:30	67	Captcha object (67)	1	[{"added": {}}]	14	3
69	2020-11-23 20:50:52.564652+05:30	68	Captcha object (68)	1	[{"added": {}}]	14	3
70	2020-11-23 20:50:58.12421+05:30	69	Captcha object (69)	1	[{"added": {}}]	14	3
71	2020-11-23 20:51:03.660073+05:30	70	Captcha object (70)	1	[{"added": {}}]	14	3
72	2020-11-23 20:51:09.219545+05:30	71	Captcha object (71)	1	[{"added": {}}]	14	3
73	2020-11-23 20:51:14.781512+05:30	72	Captcha object (72)	1	[{"added": {}}]	14	3
74	2020-11-23 20:51:20.207934+05:30	73	Captcha object (73)	1	[{"added": {}}]	14	3
75	2020-11-23 20:51:25.739204+05:30	74	Captcha object (74)	1	[{"added": {}}]	14	3
76	2020-11-23 20:51:31.28308+05:30	75	Captcha object (75)	1	[{"added": {}}]	14	3
77	2020-11-23 20:51:36.89067+05:30	76	Captcha object (76)	1	[{"added": {}}]	14	3
78	2020-11-23 20:51:42.41542+05:30	77	Captcha object (77)	1	[{"added": {}}]	14	3
79	2020-11-23 20:51:47.945578+05:30	78	Captcha object (78)	1	[{"added": {}}]	14	3
80	2020-11-23 20:51:53.389843+05:30	79	Captcha object (79)	1	[{"added": {}}]	14	3
81	2020-11-23 20:51:58.993462+05:30	80	Captcha object (80)	1	[{"added": {}}]	14	3
82	2020-11-23 20:52:04.557471+05:30	81	Captcha object (81)	1	[{"added": {}}]	14	3
83	2020-11-23 20:52:10.242871+05:30	82	Captcha object (82)	1	[{"added": {}}]	14	3
84	2020-11-23 20:52:15.709229+05:30	83	Captcha object (83)	1	[{"added": {}}]	14	3
85	2020-11-23 20:52:21.28394+05:30	84	Captcha object (84)	1	[{"added": {}}]	14	3
86	2020-11-23 20:52:26.801174+05:30	85	Captcha object (85)	1	[{"added": {}}]	14	3
87	2020-11-23 20:52:32.425173+05:30	86	Captcha object (86)	1	[{"added": {}}]	14	3
88	2020-11-23 20:52:37.945887+05:30	87	Captcha object (87)	1	[{"added": {}}]	14	3
89	2020-11-23 20:52:43.448401+05:30	88	Captcha object (88)	1	[{"added": {}}]	14	3
90	2020-11-23 20:52:48.962732+05:30	89	Captcha object (89)	1	[{"added": {}}]	14	3
91	2020-11-23 20:52:54.554908+05:30	90	Captcha object (90)	1	[{"added": {}}]	14	3
92	2020-11-23 20:53:00.267719+05:30	91	Captcha object (91)	1	[{"added": {}}]	14	3
93	2020-11-23 20:53:05.768393+05:30	92	Captcha object (92)	1	[{"added": {}}]	14	3
94	2020-11-23 20:53:11.327975+05:30	93	Captcha object (93)	1	[{"added": {}}]	14	3
95	2020-11-23 20:53:16.909659+05:30	94	Captcha object (94)	1	[{"added": {}}]	14	3
96	2020-11-23 20:53:22.507164+05:30	95	Captcha object (95)	1	[{"added": {}}]	14	3
97	2020-11-23 20:53:28.099201+05:30	96	Captcha object (96)	1	[{"added": {}}]	14	3
98	2020-11-23 20:53:33.672806+05:30	97	Captcha object (97)	1	[{"added": {}}]	14	3
99	2020-11-23 20:53:39.186662+05:30	98	Captcha object (98)	1	[{"added": {}}]	14	3
100	2020-11-23 20:53:44.821864+05:30	99	Captcha object (99)	1	[{"added": {}}]	14	3
101	2020-11-23 20:53:50.278357+05:30	100	Captcha object (100)	1	[{"added": {}}]	14	3
102	2020-11-23 20:53:55.873253+05:30	101	Captcha object (101)	1	[{"added": {}}]	14	3
103	2020-11-23 20:54:01.496479+05:30	102	Captcha object (102)	1	[{"added": {}}]	14	3
104	2020-11-23 20:54:07.132616+05:30	103	Captcha object (103)	1	[{"added": {}}]	14	3
105	2020-11-23 20:54:12.682576+05:30	104	Captcha object (104)	1	[{"added": {}}]	14	3
106	2020-11-23 20:54:18.198084+05:30	105	Captcha object (105)	1	[{"added": {}}]	14	3
107	2020-11-23 20:54:23.781765+05:30	106	Captcha object (106)	1	[{"added": {}}]	14	3
108	2020-11-23 20:54:29.345286+05:30	107	Captcha object (107)	1	[{"added": {}}]	14	3
109	2020-11-23 20:54:34.849328+05:30	108	Captcha object (108)	1	[{"added": {}}]	14	3
110	2020-11-23 20:54:40.309654+05:30	109	Captcha object (109)	1	[{"added": {}}]	14	3
111	2020-11-23 20:54:45.843609+05:30	110	Captcha object (110)	1	[{"added": {}}]	14	3
112	2020-11-23 20:54:51.449629+05:30	111	Captcha object (111)	1	[{"added": {}}]	14	3
113	2020-11-23 20:54:57.017547+05:30	112	Captcha object (112)	1	[{"added": {}}]	14	3
114	2020-11-23 20:55:02.531389+05:30	113	Captcha object (113)	1	[{"added": {}}]	14	3
115	2020-11-23 20:55:08.187193+05:30	114	Captcha object (114)	1	[{"added": {}}]	14	3
116	2020-11-23 20:55:13.722424+05:30	115	Captcha object (115)	1	[{"added": {}}]	14	3
117	2020-11-23 20:55:19.298389+05:30	116	Captcha object (116)	1	[{"added": {}}]	14	3
118	2020-11-23 20:55:24.89978+05:30	117	Captcha object (117)	1	[{"added": {}}]	14	3
119	2020-11-23 20:55:30.553462+05:30	118	Captcha object (118)	1	[{"added": {}}]	14	3
120	2020-11-23 20:55:36.319077+05:30	119	Captcha object (119)	1	[{"added": {}}]	14	3
121	2020-11-23 20:55:41.857584+05:30	120	Captcha object (120)	1	[{"added": {}}]	14	3
122	2020-11-23 20:55:47.582958+05:30	121	Captcha object (121)	1	[{"added": {}}]	14	3
123	2020-11-23 20:55:53.101608+05:30	122	Captcha object (122)	1	[{"added": {}}]	14	3
124	2020-11-23 20:55:58.742695+05:30	123	Captcha object (123)	1	[{"added": {}}]	14	3
125	2020-11-23 20:56:04.284677+05:30	124	Captcha object (124)	1	[{"added": {}}]	14	3
126	2020-11-23 20:56:09.860055+05:30	125	Captcha object (125)	1	[{"added": {}}]	14	3
127	2020-11-23 20:56:15.518487+05:30	126	Captcha object (126)	1	[{"added": {}}]	14	3
128	2020-11-23 20:56:21.024898+05:30	127	Captcha object (127)	1	[{"added": {}}]	14	3
129	2020-11-23 20:56:26.620972+05:30	128	Captcha object (128)	1	[{"added": {}}]	14	3
130	2020-11-23 20:56:32.15103+05:30	129	Captcha object (129)	1	[{"added": {}}]	14	3
131	2020-11-23 20:56:37.627577+05:30	130	Captcha object (130)	1	[{"added": {}}]	14	3
132	2020-11-23 20:56:43.236104+05:30	131	Captcha object (131)	1	[{"added": {}}]	14	3
133	2020-11-23 20:56:48.856632+05:30	132	Captcha object (132)	1	[{"added": {}}]	14	3
134	2020-11-23 20:56:54.348524+05:30	133	Captcha object (133)	1	[{"added": {}}]	14	3
135	2020-11-23 20:56:59.82032+05:30	134	Captcha object (134)	1	[{"added": {}}]	14	3
136	2020-11-23 20:57:05.553741+05:30	135	Captcha object (135)	1	[{"added": {}}]	14	3
137	2020-11-23 20:57:11.114135+05:30	136	Captcha object (136)	1	[{"added": {}}]	14	3
138	2020-11-23 20:57:16.656077+05:30	137	Captcha object (137)	1	[{"added": {}}]	14	3
139	2020-11-23 20:57:22.222477+05:30	138	Captcha object (138)	1	[{"added": {}}]	14	3
140	2020-11-23 20:57:27.760503+05:30	139	Captcha object (139)	1	[{"added": {}}]	14	3
141	2020-11-23 20:57:33.229775+05:30	140	Captcha object (140)	1	[{"added": {}}]	14	3
142	2020-11-23 20:57:38.754684+05:30	141	Captcha object (141)	1	[{"added": {}}]	14	3
143	2020-11-23 20:57:44.362913+05:30	142	Captcha object (142)	1	[{"added": {}}]	14	3
144	2020-11-23 20:57:49.948977+05:30	143	Captcha object (143)	1	[{"added": {}}]	14	3
145	2020-11-23 20:57:55.583922+05:30	144	Captcha object (144)	1	[{"added": {}}]	14	3
146	2020-11-23 20:58:01.122968+05:30	145	Captcha object (145)	1	[{"added": {}}]	14	3
147	2020-11-23 20:58:06.702402+05:30	146	Captcha object (146)	1	[{"added": {}}]	14	3
148	2020-11-23 20:58:12.314201+05:30	147	Captcha object (147)	1	[{"added": {}}]	14	3
149	2020-11-23 20:58:17.857844+05:30	148	Captcha object (148)	1	[{"added": {}}]	14	3
150	2020-11-23 20:58:23.440068+05:30	149	Captcha object (149)	1	[{"added": {}}]	14	3
151	2020-11-23 20:58:28.996014+05:30	150	Captcha object (150)	1	[{"added": {}}]	14	3
152	2020-11-23 20:58:34.565277+05:30	151	Captcha object (151)	1	[{"added": {}}]	14	3
153	2020-11-23 20:58:40.158846+05:30	152	Captcha object (152)	1	[{"added": {}}]	14	3
154	2020-11-23 20:58:45.804737+05:30	153	Captcha object (153)	1	[{"added": {}}]	14	3
155	2020-11-23 20:58:51.35936+05:30	154	Captcha object (154)	1	[{"added": {}}]	14	3
156	2020-11-23 20:58:56.953759+05:30	155	Captcha object (155)	1	[{"added": {}}]	14	3
157	2020-11-23 20:59:02.50228+05:30	156	Captcha object (156)	1	[{"added": {}}]	14	3
158	2020-11-23 20:59:08.065779+05:30	157	Captcha object (157)	1	[{"added": {}}]	14	3
159	2020-11-23 20:59:13.767273+05:30	158	Captcha object (158)	1	[{"added": {}}]	14	3
160	2020-11-23 20:59:19.348724+05:30	159	Captcha object (159)	1	[{"added": {}}]	14	3
161	2020-11-23 20:59:24.874538+05:30	160	Captcha object (160)	1	[{"added": {}}]	14	3
162	2020-11-23 20:59:30.435113+05:30	161	Captcha object (161)	1	[{"added": {}}]	14	3
163	2020-11-23 20:59:36.038747+05:30	162	Captcha object (162)	1	[{"added": {}}]	14	3
164	2020-11-23 20:59:41.586977+05:30	163	Captcha object (163)	1	[{"added": {}}]	14	3
165	2020-11-23 20:59:47.231326+05:30	164	Captcha object (164)	1	[{"added": {}}]	14	3
166	2020-11-23 20:59:52.748214+05:30	165	Captcha object (165)	1	[{"added": {}}]	14	3
167	2020-11-23 20:59:58.368747+05:30	166	Captcha object (166)	1	[{"added": {}}]	14	3
168	2020-11-23 21:00:03.815511+05:30	167	Captcha object (167)	1	[{"added": {}}]	14	3
169	2020-11-23 21:00:09.378486+05:30	168	Captcha object (168)	1	[{"added": {}}]	14	3
170	2020-11-23 21:00:15.010194+05:30	169	Captcha object (169)	1	[{"added": {}}]	14	3
171	2020-11-23 21:00:20.678721+05:30	170	Captcha object (170)	1	[{"added": {}}]	14	3
172	2020-11-23 21:00:26.347951+05:30	171	Captcha object (171)	1	[{"added": {}}]	14	3
173	2020-11-23 21:00:31.868546+05:30	172	Captcha object (172)	1	[{"added": {}}]	14	3
174	2020-11-23 21:00:37.343181+05:30	173	Captcha object (173)	1	[{"added": {}}]	14	3
175	2020-11-23 21:00:42.894083+05:30	174	Captcha object (174)	1	[{"added": {}}]	14	3
176	2020-11-23 21:00:48.410094+05:30	175	Captcha object (175)	1	[{"added": {}}]	14	3
177	2020-11-23 21:00:54.080575+05:30	176	Captcha object (176)	1	[{"added": {}}]	14	3
178	2020-11-23 21:00:59.746917+05:30	177	Captcha object (177)	1	[{"added": {}}]	14	3
179	2020-11-23 21:01:05.304589+05:30	178	Captcha object (178)	1	[{"added": {}}]	14	3
180	2020-11-23 21:01:10.866947+05:30	179	Captcha object (179)	1	[{"added": {}}]	14	3
181	2020-11-23 21:01:16.547171+05:30	180	Captcha object (180)	1	[{"added": {}}]	14	3
182	2020-11-23 21:01:22.082852+05:30	181	Captcha object (181)	1	[{"added": {}}]	14	3
183	2020-11-23 21:01:27.601149+05:30	182	Captcha object (182)	1	[{"added": {}}]	14	3
184	2020-11-23 21:01:33.11183+05:30	183	Captcha object (183)	1	[{"added": {}}]	14	3
185	2020-11-23 21:01:38.684324+05:30	184	Captcha object (184)	1	[{"added": {}}]	14	3
186	2020-11-23 21:01:44.302584+05:30	185	Captcha object (185)	1	[{"added": {}}]	14	3
187	2020-11-23 21:01:49.950382+05:30	186	Captcha object (186)	1	[{"added": {}}]	14	3
188	2020-11-23 21:01:55.599104+05:30	187	Captcha object (187)	1	[{"added": {}}]	14	3
189	2020-11-23 21:02:01.191851+05:30	188	Captcha object (188)	1	[{"added": {}}]	14	3
190	2020-11-23 21:02:06.665025+05:30	189	Captcha object (189)	1	[{"added": {}}]	14	3
191	2020-11-23 21:02:12.197175+05:30	190	Captcha object (190)	1	[{"added": {}}]	14	3
192	2020-11-23 21:02:17.799169+05:30	191	Captcha object (191)	1	[{"added": {}}]	14	3
193	2020-11-23 21:02:23.402096+05:30	192	Captcha object (192)	1	[{"added": {}}]	14	3
194	2020-11-23 21:02:28.952473+05:30	193	Captcha object (193)	1	[{"added": {}}]	14	3
195	2020-11-23 21:02:34.466386+05:30	194	Captcha object (194)	1	[{"added": {}}]	14	3
196	2020-11-23 21:02:40.048471+05:30	195	Captcha object (195)	1	[{"added": {}}]	14	3
197	2020-11-23 21:02:45.69524+05:30	196	Captcha object (196)	1	[{"added": {}}]	14	3
198	2020-11-23 21:02:51.273123+05:30	197	Captcha object (197)	1	[{"added": {}}]	14	3
199	2020-11-23 21:02:56.752567+05:30	198	Captcha object (198)	1	[{"added": {}}]	14	3
200	2020-11-23 21:03:02.251483+05:30	199	Captcha object (199)	1	[{"added": {}}]	14	3
201	2020-11-23 21:03:07.770308+05:30	200	Captcha object (200)	1	[{"added": {}}]	14	3
202	2020-11-23 21:03:13.2517+05:30	201	Captcha object (201)	1	[{"added": {}}]	14	3
203	2020-11-23 21:03:18.780971+05:30	202	Captcha object (202)	1	[{"added": {}}]	14	3
204	2020-11-23 21:03:24.335217+05:30	203	Captcha object (203)	1	[{"added": {}}]	14	3
205	2020-11-23 21:03:29.837715+05:30	204	Captcha object (204)	1	[{"added": {}}]	14	3
206	2020-11-23 21:03:35.317664+05:30	205	Captcha object (205)	1	[{"added": {}}]	14	3
207	2020-11-23 21:03:40.885654+05:30	206	Captcha object (206)	1	[{"added": {}}]	14	3
208	2020-11-23 21:03:46.562643+05:30	207	Captcha object (207)	1	[{"added": {}}]	14	3
209	2020-11-23 21:03:52.117541+05:30	208	Captcha object (208)	1	[{"added": {}}]	14	3
210	2020-11-23 21:03:57.722437+05:30	209	Captcha object (209)	1	[{"added": {}}]	14	3
211	2020-11-23 21:04:03.286493+05:30	210	Captcha object (210)	1	[{"added": {}}]	14	3
212	2020-11-23 21:04:08.897908+05:30	211	Captcha object (211)	1	[{"added": {}}]	14	3
213	2020-11-23 21:04:14.444534+05:30	212	Captcha object (212)	1	[{"added": {}}]	14	3
214	2020-11-23 21:04:20.062573+05:30	213	Captcha object (213)	1	[{"added": {}}]	14	3
215	2020-11-23 21:04:25.618546+05:30	214	Captcha object (214)	1	[{"added": {}}]	14	3
216	2020-11-23 21:04:31.114479+05:30	215	Captcha object (215)	1	[{"added": {}}]	14	3
217	2020-11-23 21:04:36.631565+05:30	216	Captcha object (216)	1	[{"added": {}}]	14	3
218	2020-11-23 21:04:42.149872+05:30	217	Captcha object (217)	1	[{"added": {}}]	14	3
219	2020-11-23 21:04:47.728104+05:30	218	Captcha object (218)	1	[{"added": {}}]	14	3
220	2020-11-23 21:04:53.279399+05:30	219	Captcha object (219)	1	[{"added": {}}]	14	3
221	2020-11-23 21:04:58.828894+05:30	220	Captcha object (220)	1	[{"added": {}}]	14	3
222	2020-11-23 21:05:04.329138+05:30	221	Captcha object (221)	1	[{"added": {}}]	14	3
223	2020-11-23 21:05:09.894131+05:30	222	Captcha object (222)	1	[{"added": {}}]	14	3
224	2020-11-23 21:05:15.440991+05:30	223	Captcha object (223)	1	[{"added": {}}]	14	3
225	2020-11-23 21:05:21.09825+05:30	224	Captcha object (224)	1	[{"added": {}}]	14	3
226	2020-11-23 21:05:26.695176+05:30	225	Captcha object (225)	1	[{"added": {}}]	14	3
227	2020-11-23 21:05:32.327836+05:30	226	Captcha object (226)	1	[{"added": {}}]	14	3
228	2020-11-23 21:05:37.914809+05:30	227	Captcha object (227)	1	[{"added": {}}]	14	3
229	2020-11-23 21:05:43.460113+05:30	228	Captcha object (228)	1	[{"added": {}}]	14	3
230	2020-11-23 21:05:48.967614+05:30	229	Captcha object (229)	1	[{"added": {}}]	14	3
231	2020-11-23 21:05:54.574361+05:30	230	Captcha object (230)	1	[{"added": {}}]	14	3
232	2020-11-23 21:06:00.046731+05:30	231	Captcha object (231)	1	[{"added": {}}]	14	3
233	2020-11-23 21:06:05.592619+05:30	232	Captcha object (232)	1	[{"added": {}}]	14	3
234	2020-11-23 21:06:11.192508+05:30	233	Captcha object (233)	1	[{"added": {}}]	14	3
235	2020-11-23 21:06:16.729004+05:30	234	Captcha object (234)	1	[{"added": {}}]	14	3
236	2020-11-23 21:06:22.192698+05:30	235	Captcha object (235)	1	[{"added": {}}]	14	3
237	2020-11-23 21:06:27.753698+05:30	236	Captcha object (236)	1	[{"added": {}}]	14	3
238	2020-11-23 21:06:33.327799+05:30	237	Captcha object (237)	1	[{"added": {}}]	14	3
239	2020-11-23 21:06:38.911341+05:30	238	Captcha object (238)	1	[{"added": {}}]	14	3
240	2020-11-23 21:06:44.460464+05:30	239	Captcha object (239)	1	[{"added": {}}]	14	3
241	2020-11-23 21:06:50.144092+05:30	240	Captcha object (240)	1	[{"added": {}}]	14	3
242	2020-11-23 21:06:55.748777+05:30	241	Captcha object (241)	1	[{"added": {}}]	14	3
243	2020-11-23 21:07:01.298021+05:30	242	Captcha object (242)	1	[{"added": {}}]	14	3
244	2020-11-23 21:07:06.912294+05:30	243	Captcha object (243)	1	[{"added": {}}]	14	3
245	2020-11-23 21:07:12.552171+05:30	244	Captcha object (244)	1	[{"added": {}}]	14	3
246	2020-11-23 21:07:18.094697+05:30	245	Captcha object (245)	1	[{"added": {}}]	14	3
247	2020-11-23 21:07:23.715507+05:30	246	Captcha object (246)	1	[{"added": {}}]	14	3
248	2020-11-23 21:07:29.328427+05:30	247	Captcha object (247)	1	[{"added": {}}]	14	3
249	2020-11-23 21:07:34.887457+05:30	248	Captcha object (248)	1	[{"added": {}}]	14	3
250	2020-11-23 21:07:40.493726+05:30	249	Captcha object (249)	1	[{"added": {}}]	14	3
251	2020-11-23 21:07:46.052515+05:30	250	Captcha object (250)	1	[{"added": {}}]	14	3
252	2020-11-23 21:07:51.635385+05:30	251	Captcha object (251)	1	[{"added": {}}]	14	3
253	2020-11-23 21:07:57.296176+05:30	252	Captcha object (252)	1	[{"added": {}}]	14	3
254	2020-11-23 21:08:02.891221+05:30	253	Captcha object (253)	1	[{"added": {}}]	14	3
255	2020-11-23 21:08:08.387037+05:30	254	Captcha object (254)	1	[{"added": {}}]	14	3
256	2020-11-23 21:08:13.869419+05:30	255	Captcha object (255)	1	[{"added": {}}]	14	3
257	2020-11-23 21:08:19.583116+05:30	256	Captcha object (256)	1	[{"added": {}}]	14	3
258	2020-11-23 21:08:25.156383+05:30	257	Captcha object (257)	1	[{"added": {}}]	14	3
259	2020-11-23 21:08:30.747595+05:30	258	Captcha object (258)	1	[{"added": {}}]	14	3
260	2020-11-23 21:08:36.249772+05:30	259	Captcha object (259)	1	[{"added": {}}]	14	3
261	2020-11-23 21:08:41.790584+05:30	260	Captcha object (260)	1	[{"added": {}}]	14	3
262	2020-11-23 21:08:47.346133+05:30	261	Captcha object (261)	1	[{"added": {}}]	14	3
263	2020-11-23 21:08:52.932068+05:30	262	Captcha object (262)	1	[{"added": {}}]	14	3
264	2020-11-23 21:08:58.375807+05:30	263	Captcha object (263)	1	[{"added": {}}]	14	3
265	2020-11-23 21:09:03.924107+05:30	264	Captcha object (264)	1	[{"added": {}}]	14	3
266	2020-11-23 21:09:09.4398+05:30	265	Captcha object (265)	1	[{"added": {}}]	14	3
267	2020-11-23 21:09:14.983875+05:30	266	Captcha object (266)	1	[{"added": {}}]	14	3
268	2020-11-23 21:09:20.512737+05:30	267	Captcha object (267)	1	[{"added": {}}]	14	3
269	2020-11-23 21:09:26.134863+05:30	268	Captcha object (268)	1	[{"added": {}}]	14	3
270	2020-11-23 21:09:31.687838+05:30	269	Captcha object (269)	1	[{"added": {}}]	14	3
271	2020-11-23 21:09:37.263375+05:30	270	Captcha object (270)	1	[{"added": {}}]	14	3
272	2020-11-23 21:09:42.923679+05:30	271	Captcha object (271)	1	[{"added": {}}]	14	3
273	2020-11-23 21:09:48.464889+05:30	272	Captcha object (272)	1	[{"added": {}}]	14	3
274	2020-11-23 21:09:53.947238+05:30	273	Captcha object (273)	1	[{"added": {}}]	14	3
275	2020-11-23 21:09:59.495175+05:30	274	Captcha object (274)	1	[{"added": {}}]	14	3
276	2020-11-23 21:10:05.13885+05:30	275	Captcha object (275)	1	[{"added": {}}]	14	3
277	2020-11-23 21:10:10.686968+05:30	276	Captcha object (276)	1	[{"added": {}}]	14	3
278	2020-11-23 21:10:16.338492+05:30	277	Captcha object (277)	1	[{"added": {}}]	14	3
279	2020-11-23 21:10:21.935318+05:30	278	Captcha object (278)	1	[{"added": {}}]	14	3
280	2020-11-23 21:10:27.616941+05:30	279	Captcha object (279)	1	[{"added": {}}]	14	3
281	2020-11-23 21:10:33.278107+05:30	280	Captcha object (280)	1	[{"added": {}}]	14	3
282	2020-11-23 21:10:38.909487+05:30	281	Captcha object (281)	1	[{"added": {}}]	14	3
283	2020-11-23 21:10:44.392137+05:30	282	Captcha object (282)	1	[{"added": {}}]	14	3
284	2020-11-23 21:10:49.998747+05:30	283	Captcha object (283)	1	[{"added": {}}]	14	3
285	2020-11-23 21:10:55.608833+05:30	284	Captcha object (284)	1	[{"added": {}}]	14	3
286	2020-11-23 21:11:01.190703+05:30	285	Captcha object (285)	1	[{"added": {}}]	14	3
287	2020-11-23 21:11:06.681906+05:30	286	Captcha object (286)	1	[{"added": {}}]	14	3
288	2020-11-23 21:11:12.325113+05:30	287	Captcha object (287)	1	[{"added": {}}]	14	3
289	2020-11-23 21:11:17.814393+05:30	288	Captcha object (288)	1	[{"added": {}}]	14	3
290	2020-11-23 21:11:23.466957+05:30	289	Captcha object (289)	1	[{"added": {}}]	14	3
291	2020-11-23 21:11:29.052421+05:30	290	Captcha object (290)	1	[{"added": {}}]	14	3
292	2020-11-23 21:11:34.594049+05:30	291	Captcha object (291)	1	[{"added": {}}]	14	3
293	2020-11-23 21:11:40.12308+05:30	292	Captcha object (292)	1	[{"added": {}}]	14	3
294	2020-11-23 21:11:45.632516+05:30	293	Captcha object (293)	1	[{"added": {}}]	14	3
295	2020-11-23 21:11:51.246187+05:30	294	Captcha object (294)	1	[{"added": {}}]	14	3
296	2020-11-23 21:11:56.845033+05:30	295	Captcha object (295)	1	[{"added": {}}]	14	3
297	2020-11-23 21:12:02.395853+05:30	296	Captcha object (296)	1	[{"added": {}}]	14	3
298	2020-11-23 21:12:07.910719+05:30	297	Captcha object (297)	1	[{"added": {}}]	14	3
299	2020-11-23 21:12:13.409799+05:30	298	Captcha object (298)	1	[{"added": {}}]	14	3
300	2020-11-23 21:12:18.94265+05:30	299	Captcha object (299)	1	[{"added": {}}]	14	3
301	2020-11-23 21:12:24.550868+05:30	300	Captcha object (300)	1	[{"added": {}}]	14	3
302	2020-11-23 21:12:30.13163+05:30	301	Captcha object (301)	1	[{"added": {}}]	14	3
303	2020-11-23 21:12:35.79678+05:30	302	Captcha object (302)	1	[{"added": {}}]	14	3
304	2020-11-23 21:12:41.429036+05:30	303	Captcha object (303)	1	[{"added": {}}]	14	3
305	2020-11-23 21:12:47.08531+05:30	304	Captcha object (304)	1	[{"added": {}}]	14	3
306	2020-11-23 21:12:52.635058+05:30	305	Captcha object (305)	1	[{"added": {}}]	14	3
307	2020-11-23 21:12:58.104076+05:30	306	Captcha object (306)	1	[{"added": {}}]	14	3
308	2020-11-23 21:13:03.695767+05:30	307	Captcha object (307)	1	[{"added": {}}]	14	3
309	2020-11-23 21:13:09.226475+05:30	308	Captcha object (308)	1	[{"added": {}}]	14	3
310	2020-11-23 21:13:14.831719+05:30	309	Captcha object (309)	1	[{"added": {}}]	14	3
311	2020-11-23 21:13:20.325619+05:30	310	Captcha object (310)	1	[{"added": {}}]	14	3
312	2020-11-23 21:13:25.908613+05:30	311	Captcha object (311)	1	[{"added": {}}]	14	3
313	2020-11-23 21:13:31.594573+05:30	312	Captcha object (312)	1	[{"added": {}}]	14	3
314	2020-11-23 21:13:37.199814+05:30	313	Captcha object (313)	1	[{"added": {}}]	14	3
315	2020-11-23 21:13:42.840236+05:30	314	Captcha object (314)	1	[{"added": {}}]	14	3
316	2020-11-23 21:13:48.39769+05:30	315	Captcha object (315)	1	[{"added": {}}]	14	3
317	2020-11-23 21:13:53.967104+05:30	316	Captcha object (316)	1	[{"added": {}}]	14	3
318	2020-11-23 21:13:59.469012+05:30	317	Captcha object (317)	1	[{"added": {}}]	14	3
319	2020-11-23 21:14:04.943161+05:30	318	Captcha object (318)	1	[{"added": {}}]	14	3
320	2020-11-23 21:14:10.628639+05:30	319	Captcha object (319)	1	[{"added": {}}]	14	3
321	2020-11-23 21:14:16.196596+05:30	320	Captcha object (320)	1	[{"added": {}}]	14	3
322	2020-11-23 21:14:21.695023+05:30	321	Captcha object (321)	1	[{"added": {}}]	14	3
323	2020-11-23 21:14:27.34384+05:30	322	Captcha object (322)	1	[{"added": {}}]	14	3
324	2020-11-23 21:14:32.880486+05:30	323	Captcha object (323)	1	[{"added": {}}]	14	3
325	2020-11-23 21:14:38.398312+05:30	324	Captcha object (324)	1	[{"added": {}}]	14	3
326	2020-11-23 21:14:44.070465+05:30	325	Captcha object (325)	1	[{"added": {}}]	14	3
327	2020-11-23 21:14:49.698959+05:30	326	Captcha object (326)	1	[{"added": {}}]	14	3
328	2020-11-23 21:14:55.288856+05:30	327	Captcha object (327)	1	[{"added": {}}]	14	3
329	2020-11-23 21:15:00.846849+05:30	328	Captcha object (328)	1	[{"added": {}}]	14	3
330	2020-11-23 21:15:06.426934+05:30	329	Captcha object (329)	1	[{"added": {}}]	14	3
331	2020-11-23 21:15:11.995107+05:30	330	Captcha object (330)	1	[{"added": {}}]	14	3
332	2020-11-23 21:15:17.518642+05:30	331	Captcha object (331)	1	[{"added": {}}]	14	3
333	2020-11-23 21:15:23.137677+05:30	332	Captcha object (332)	1	[{"added": {}}]	14	3
334	2020-11-23 21:15:28.690708+05:30	333	Captcha object (333)	1	[{"added": {}}]	14	3
335	2020-11-23 21:15:34.232821+05:30	334	Captcha object (334)	1	[{"added": {}}]	14	3
336	2020-11-23 21:15:39.857788+05:30	335	Captcha object (335)	1	[{"added": {}}]	14	3
337	2020-11-23 21:15:45.525269+05:30	336	Captcha object (336)	1	[{"added": {}}]	14	3
338	2020-11-23 21:15:51.077164+05:30	337	Captcha object (337)	1	[{"added": {}}]	14	3
339	2020-11-23 21:15:56.53908+05:30	338	Captcha object (338)	1	[{"added": {}}]	14	3
340	2020-11-23 21:16:02.023741+05:30	339	Captcha object (339)	1	[{"added": {}}]	14	3
341	2020-11-23 21:16:07.58715+05:30	340	Captcha object (340)	1	[{"added": {}}]	14	3
342	2020-11-23 21:16:13.217752+05:30	341	Captcha object (341)	1	[{"added": {}}]	14	3
343	2020-11-23 21:16:18.860947+05:30	342	Captcha object (342)	1	[{"added": {}}]	14	3
344	2020-11-23 21:16:24.441922+05:30	343	Captcha object (343)	1	[{"added": {}}]	14	3
345	2020-11-23 21:16:29.997089+05:30	344	Captcha object (344)	1	[{"added": {}}]	14	3
346	2020-11-23 21:16:35.598526+05:30	345	Captcha object (345)	1	[{"added": {}}]	14	3
347	2020-11-23 21:16:41.202629+05:30	346	Captcha object (346)	1	[{"added": {}}]	14	3
348	2020-11-23 21:16:46.72449+05:30	347	Captcha object (347)	1	[{"added": {}}]	14	3
349	2020-11-23 21:16:52.339845+05:30	348	Captcha object (348)	1	[{"added": {}}]	14	3
350	2020-11-23 21:16:57.958311+05:30	349	Captcha object (349)	1	[{"added": {}}]	14	3
351	2020-11-23 21:17:03.438835+05:30	350	Captcha object (350)	1	[{"added": {}}]	14	3
352	2020-11-23 21:17:09.07363+05:30	351	Captcha object (351)	1	[{"added": {}}]	14	3
353	2020-11-23 21:17:14.651837+05:30	352	Captcha object (352)	1	[{"added": {}}]	14	3
354	2020-11-23 21:17:20.183542+05:30	353	Captcha object (353)	1	[{"added": {}}]	14	3
355	2020-11-23 21:17:25.676553+05:30	354	Captcha object (354)	1	[{"added": {}}]	14	3
356	2020-11-23 21:17:31.285486+05:30	355	Captcha object (355)	1	[{"added": {}}]	14	3
357	2020-11-23 21:17:36.833493+05:30	356	Captcha object (356)	1	[{"added": {}}]	14	3
358	2020-11-23 21:17:42.441229+05:30	357	Captcha object (357)	1	[{"added": {}}]	14	3
359	2020-11-23 21:17:47.912167+05:30	358	Captcha object (358)	1	[{"added": {}}]	14	3
360	2020-11-23 21:17:53.550031+05:30	359	Captcha object (359)	1	[{"added": {}}]	14	3
361	2020-11-23 21:17:59.104889+05:30	360	Captcha object (360)	1	[{"added": {}}]	14	3
362	2020-11-23 21:18:04.673018+05:30	361	Captcha object (361)	1	[{"added": {}}]	14	3
363	2020-11-23 21:18:10.217113+05:30	362	Captcha object (362)	1	[{"added": {}}]	14	3
364	2020-11-23 21:18:15.822218+05:30	363	Captcha object (363)	1	[{"added": {}}]	14	3
365	2020-11-23 21:18:21.378668+05:30	364	Captcha object (364)	1	[{"added": {}}]	14	3
366	2020-11-23 21:18:26.947121+05:30	365	Captcha object (365)	1	[{"added": {}}]	14	3
367	2020-11-23 21:18:32.502897+05:30	366	Captcha object (366)	1	[{"added": {}}]	14	3
368	2020-11-23 21:18:38.018734+05:30	367	Captcha object (367)	1	[{"added": {}}]	14	3
369	2020-11-23 21:18:43.609333+05:30	368	Captcha object (368)	1	[{"added": {}}]	14	3
370	2020-11-23 21:18:49.182114+05:30	369	Captcha object (369)	1	[{"added": {}}]	14	3
371	2020-11-23 21:18:54.778738+05:30	370	Captcha object (370)	1	[{"added": {}}]	14	3
372	2020-11-23 21:19:00.344578+05:30	371	Captcha object (371)	1	[{"added": {}}]	14	3
373	2020-11-23 21:19:05.890879+05:30	372	Captcha object (372)	1	[{"added": {}}]	14	3
374	2020-11-23 21:19:11.504141+05:30	373	Captcha object (373)	1	[{"added": {}}]	14	3
375	2020-11-23 21:19:17.099449+05:30	374	Captcha object (374)	1	[{"added": {}}]	14	3
376	2020-11-23 21:19:22.678577+05:30	375	Captcha object (375)	1	[{"added": {}}]	14	3
377	2020-11-23 21:19:28.338636+05:30	376	Captcha object (376)	1	[{"added": {}}]	14	3
378	2020-11-23 21:19:33.721347+05:30	377	Captcha object (377)	1	[{"added": {}}]	14	3
379	2020-11-23 21:19:39.42906+05:30	378	Captcha object (378)	1	[{"added": {}}]	14	3
380	2020-11-23 21:19:45.059558+05:30	379	Captcha object (379)	1	[{"added": {}}]	14	3
381	2020-11-23 21:19:50.669951+05:30	380	Captcha object (380)	1	[{"added": {}}]	14	3
382	2020-11-23 21:19:56.206591+05:30	381	Captcha object (381)	1	[{"added": {}}]	14	3
383	2020-11-23 21:20:01.734556+05:30	382	Captcha object (382)	1	[{"added": {}}]	14	3
384	2020-11-23 21:20:07.283265+05:30	383	Captcha object (383)	1	[{"added": {}}]	14	3
385	2020-11-23 21:20:12.836401+05:30	384	Captcha object (384)	1	[{"added": {}}]	14	3
386	2020-11-23 21:20:18.460816+05:30	385	Captcha object (385)	1	[{"added": {}}]	14	3
387	2020-11-23 21:20:23.964518+05:30	386	Captcha object (386)	1	[{"added": {}}]	14	3
388	2020-11-23 21:20:29.423899+05:30	387	Captcha object (387)	1	[{"added": {}}]	14	3
389	2020-11-23 21:20:35.047843+05:30	388	Captcha object (388)	1	[{"added": {}}]	14	3
390	2020-11-23 21:20:40.619508+05:30	389	Captcha object (389)	1	[{"added": {}}]	14	3
391	2020-11-23 21:20:46.134068+05:30	390	Captcha object (390)	1	[{"added": {}}]	14	3
392	2020-11-23 21:20:51.688377+05:30	391	Captcha object (391)	1	[{"added": {}}]	14	3
393	2020-11-23 21:20:57.224696+05:30	392	Captcha object (392)	1	[{"added": {}}]	14	3
394	2020-11-23 21:21:02.811449+05:30	393	Captcha object (393)	1	[{"added": {}}]	14	3
395	2020-11-23 21:21:08.325759+05:30	394	Captcha object (394)	1	[{"added": {}}]	14	3
396	2020-11-23 21:21:13.999894+05:30	395	Captcha object (395)	1	[{"added": {}}]	14	3
397	2020-11-23 21:21:19.522697+05:30	396	Captcha object (396)	1	[{"added": {}}]	14	3
398	2020-11-23 21:21:25.058357+05:30	397	Captcha object (397)	1	[{"added": {}}]	14	3
399	2020-11-23 21:21:30.642632+05:30	398	Captcha object (398)	1	[{"added": {}}]	14	3
400	2020-11-23 21:21:36.223719+05:30	399	Captcha object (399)	1	[{"added": {}}]	14	3
401	2020-11-23 21:21:41.753488+05:30	400	Captcha object (400)	1	[{"added": {}}]	14	3
402	2020-11-23 21:21:47.385932+05:30	401	Captcha object (401)	1	[{"added": {}}]	14	3
403	2020-11-23 21:21:53.001055+05:30	402	Captcha object (402)	1	[{"added": {}}]	14	3
404	2020-11-23 21:21:58.531259+05:30	403	Captcha object (403)	1	[{"added": {}}]	14	3
405	2020-11-23 21:22:04.058254+05:30	404	Captcha object (404)	1	[{"added": {}}]	14	3
406	2020-11-23 21:22:09.69864+05:30	405	Captcha object (405)	1	[{"added": {}}]	14	3
407	2020-11-23 21:22:15.294285+05:30	406	Captcha object (406)	1	[{"added": {}}]	14	3
408	2020-11-23 21:22:20.89291+05:30	407	Captcha object (407)	1	[{"added": {}}]	14	3
409	2020-11-23 21:22:26.413924+05:30	408	Captcha object (408)	1	[{"added": {}}]	14	3
410	2020-11-23 21:22:32.026418+05:30	409	Captcha object (409)	1	[{"added": {}}]	14	3
411	2020-11-23 21:22:37.666548+05:30	410	Captcha object (410)	1	[{"added": {}}]	14	3
412	2020-11-23 21:22:43.223448+05:30	411	Captcha object (411)	1	[{"added": {}}]	14	3
413	2020-11-23 21:22:48.775706+05:30	412	Captcha object (412)	1	[{"added": {}}]	14	3
414	2020-11-23 21:22:54.373465+05:30	413	Captcha object (413)	1	[{"added": {}}]	14	3
415	2020-11-23 21:22:59.912826+05:30	414	Captcha object (414)	1	[{"added": {}}]	14	3
416	2020-11-23 21:23:05.540802+05:30	415	Captcha object (415)	1	[{"added": {}}]	14	3
417	2020-11-23 21:23:11.248834+05:30	416	Captcha object (416)	1	[{"added": {}}]	14	3
418	2020-11-23 21:23:16.780837+05:30	417	Captcha object (417)	1	[{"added": {}}]	14	3
419	2020-11-23 21:23:22.265801+05:30	418	Captcha object (418)	1	[{"added": {}}]	14	3
420	2020-11-23 21:23:27.866006+05:30	419	Captcha object (419)	1	[{"added": {}}]	14	3
421	2020-11-23 21:23:33.507308+05:30	420	Captcha object (420)	1	[{"added": {}}]	14	3
422	2020-11-23 21:23:39.082615+05:30	421	Captcha object (421)	1	[{"added": {}}]	14	3
423	2020-11-23 21:23:44.57995+05:30	422	Captcha object (422)	1	[{"added": {}}]	14	3
424	2020-11-23 21:23:50.194235+05:30	423	Captcha object (423)	1	[{"added": {}}]	14	3
425	2020-11-23 21:23:55.704392+05:30	424	Captcha object (424)	1	[{"added": {}}]	14	3
426	2020-11-23 21:24:01.188315+05:30	425	Captcha object (425)	1	[{"added": {}}]	14	3
427	2020-11-23 21:24:06.818242+05:30	426	Captcha object (426)	1	[{"added": {}}]	14	3
428	2020-11-23 21:24:12.371359+05:30	427	Captcha object (427)	1	[{"added": {}}]	14	3
429	2020-11-23 21:24:17.884472+05:30	428	Captcha object (428)	1	[{"added": {}}]	14	3
430	2020-11-23 21:24:23.359877+05:30	429	Captcha object (429)	1	[{"added": {}}]	14	3
431	2020-11-23 21:24:28.897998+05:30	430	Captcha object (430)	1	[{"added": {}}]	14	3
432	2020-11-23 21:24:34.371218+05:30	431	Captcha object (431)	1	[{"added": {}}]	14	3
433	2020-11-23 21:24:40.052883+05:30	432	Captcha object (432)	1	[{"added": {}}]	14	3
434	2020-11-23 21:24:45.599198+05:30	433	Captcha object (433)	1	[{"added": {}}]	14	3
435	2020-11-23 21:24:51.247994+05:30	434	Captcha object (434)	1	[{"added": {}}]	14	3
436	2020-11-23 21:24:56.824404+05:30	435	Captcha object (435)	1	[{"added": {}}]	14	3
437	2020-11-23 21:25:02.405344+05:30	436	Captcha object (436)	1	[{"added": {}}]	14	3
438	2020-11-23 21:25:07.960573+05:30	437	Captcha object (437)	1	[{"added": {}}]	14	3
439	2020-11-23 21:25:13.530148+05:30	438	Captcha object (438)	1	[{"added": {}}]	14	3
440	2020-11-23 21:25:19.118804+05:30	439	Captcha object (439)	1	[{"added": {}}]	14	3
441	2020-11-23 21:25:24.727778+05:30	440	Captcha object (440)	1	[{"added": {}}]	14	3
442	2020-11-23 21:25:30.323883+05:30	441	Captcha object (441)	1	[{"added": {}}]	14	3
443	2020-11-23 21:25:35.83631+05:30	442	Captcha object (442)	1	[{"added": {}}]	14	3
444	2020-11-23 21:25:41.417697+05:30	443	Captcha object (443)	1	[{"added": {}}]	14	3
445	2020-11-23 21:25:47.007572+05:30	444	Captcha object (444)	1	[{"added": {}}]	14	3
446	2020-11-23 21:25:52.594806+05:30	445	Captcha object (445)	1	[{"added": {}}]	14	3
447	2020-11-23 21:25:58.184275+05:30	446	Captcha object (446)	1	[{"added": {}}]	14	3
448	2020-11-23 21:26:03.831224+05:30	447	Captcha object (447)	1	[{"added": {}}]	14	3
449	2020-11-23 21:26:09.478909+05:30	448	Captcha object (448)	1	[{"added": {}}]	14	3
450	2020-11-23 21:26:15.136983+05:30	449	Captcha object (449)	1	[{"added": {}}]	14	3
451	2020-11-23 21:26:20.736541+05:30	450	Captcha object (450)	1	[{"added": {}}]	14	3
452	2020-11-23 21:26:26.249895+05:30	451	Captcha object (451)	1	[{"added": {}}]	14	3
453	2020-11-23 21:26:31.837287+05:30	452	Captcha object (452)	1	[{"added": {}}]	14	3
454	2020-11-23 21:26:37.445796+05:30	453	Captcha object (453)	1	[{"added": {}}]	14	3
455	2020-11-23 21:26:43.035285+05:30	454	Captcha object (454)	1	[{"added": {}}]	14	3
456	2020-11-23 21:26:48.52819+05:30	455	Captcha object (455)	1	[{"added": {}}]	14	3
457	2020-11-23 21:26:54.121566+05:30	456	Captcha object (456)	1	[{"added": {}}]	14	3
458	2020-11-23 21:26:59.672188+05:30	457	Captcha object (457)	1	[{"added": {}}]	14	3
459	2020-11-23 21:27:05.229439+05:30	458	Captcha object (458)	1	[{"added": {}}]	14	3
460	2020-11-23 21:27:10.747728+05:30	459	Captcha object (459)	1	[{"added": {}}]	14	3
461	2020-11-23 21:27:16.358137+05:30	460	Captcha object (460)	1	[{"added": {}}]	14	3
462	2020-11-23 21:27:21.832264+05:30	461	Captcha object (461)	1	[{"added": {}}]	14	3
463	2020-11-23 21:27:27.332255+05:30	462	Captcha object (462)	1	[{"added": {}}]	14	3
464	2020-11-23 21:27:32.937581+05:30	463	Captcha object (463)	1	[{"added": {}}]	14	3
465	2020-11-23 21:27:38.491517+05:30	464	Captcha object (464)	1	[{"added": {}}]	14	3
466	2020-11-23 21:27:43.995221+05:30	465	Captcha object (465)	1	[{"added": {}}]	14	3
467	2020-11-23 21:27:49.501837+05:30	466	Captcha object (466)	1	[{"added": {}}]	14	3
468	2020-11-23 21:27:55.05562+05:30	467	Captcha object (467)	1	[{"added": {}}]	14	3
469	2020-11-23 21:28:00.631463+05:30	468	Captcha object (468)	1	[{"added": {}}]	14	3
470	2020-11-23 21:28:06.212547+05:30	469	Captcha object (469)	1	[{"added": {}}]	14	3
471	2020-11-23 21:28:11.72354+05:30	470	Captcha object (470)	1	[{"added": {}}]	14	3
472	2020-11-23 21:28:17.211917+05:30	471	Captcha object (471)	1	[{"added": {}}]	14	3
473	2020-11-23 21:28:22.797165+05:30	472	Captcha object (472)	1	[{"added": {}}]	14	3
474	2020-11-23 21:28:28.40809+05:30	473	Captcha object (473)	1	[{"added": {}}]	14	3
475	2020-11-23 21:28:33.952622+05:30	474	Captcha object (474)	1	[{"added": {}}]	14	3
476	2020-11-23 21:28:39.443446+05:30	475	Captcha object (475)	1	[{"added": {}}]	14	3
477	2020-11-23 21:28:45.075256+05:30	476	Captcha object (476)	1	[{"added": {}}]	14	3
478	2020-11-23 21:28:50.692+05:30	477	Captcha object (477)	1	[{"added": {}}]	14	3
479	2020-11-23 21:28:56.37261+05:30	478	Captcha object (478)	1	[{"added": {}}]	14	3
480	2020-11-23 21:29:02.001587+05:30	479	Captcha object (479)	1	[{"added": {}}]	14	3
481	2020-11-23 21:29:07.529337+05:30	480	Captcha object (480)	1	[{"added": {}}]	14	3
482	2020-11-23 21:29:13.06879+05:30	481	Captcha object (481)	1	[{"added": {}}]	14	3
483	2020-11-23 21:29:18.706255+05:30	482	Captcha object (482)	1	[{"added": {}}]	14	3
484	2020-11-23 21:29:24.187237+05:30	483	Captcha object (483)	1	[{"added": {}}]	14	3
485	2020-11-23 21:29:29.674079+05:30	484	Captcha object (484)	1	[{"added": {}}]	14	3
486	2020-11-23 21:29:35.191418+05:30	485	Captcha object (485)	1	[{"added": {}}]	14	3
487	2020-11-23 21:29:40.663781+05:30	486	Captcha object (486)	1	[{"added": {}}]	14	3
488	2020-11-23 21:29:46.234651+05:30	487	Captcha object (487)	1	[{"added": {}}]	14	3
489	2020-11-23 21:29:51.788214+05:30	488	Captcha object (488)	1	[{"added": {}}]	14	3
490	2020-11-23 21:29:57.377345+05:30	489	Captcha object (489)	1	[{"added": {}}]	14	3
491	2020-11-23 21:30:03.020427+05:30	490	Captcha object (490)	1	[{"added": {}}]	14	3
492	2020-11-23 21:30:08.597938+05:30	491	Captcha object (491)	1	[{"added": {}}]	14	3
493	2020-11-23 21:30:14.13872+05:30	492	Captcha object (492)	1	[{"added": {}}]	14	3
494	2020-11-23 21:30:19.761792+05:30	493	Captcha object (493)	1	[{"added": {}}]	14	3
495	2020-11-23 21:30:25.371975+05:30	494	Captcha object (494)	1	[{"added": {}}]	14	3
496	2020-11-23 21:30:30.934501+05:30	495	Captcha object (495)	1	[{"added": {}}]	14	3
497	2020-11-23 21:30:36.45256+05:30	496	Captcha object (496)	1	[{"added": {}}]	14	3
498	2020-11-23 21:30:42.037897+05:30	497	Captcha object (497)	1	[{"added": {}}]	14	3
499	2020-11-23 21:30:47.633446+05:30	498	Captcha object (498)	1	[{"added": {}}]	14	3
500	2020-11-23 21:30:53.269037+05:30	499	Captcha object (499)	1	[{"added": {}}]	14	3
501	2020-11-23 21:30:58.888748+05:30	500	Captcha object (500)	1	[{"added": {}}]	14	3
502	2020-11-23 21:31:04.376524+05:30	501	Captcha object (501)	1	[{"added": {}}]	14	3
503	2020-11-23 21:31:09.889709+05:30	502	Captcha object (502)	1	[{"added": {}}]	14	3
504	2020-11-23 21:31:15.405192+05:30	503	Captcha object (503)	1	[{"added": {}}]	14	3
505	2020-11-23 21:31:21.044389+05:30	504	Captcha object (504)	1	[{"added": {}}]	14	3
506	2020-11-23 21:31:26.562607+05:30	505	Captcha object (505)	1	[{"added": {}}]	14	3
507	2020-11-23 21:31:32.124064+05:30	506	Captcha object (506)	1	[{"added": {}}]	14	3
508	2020-11-23 21:31:37.806648+05:30	507	Captcha object (507)	1	[{"added": {}}]	14	3
509	2020-11-23 21:31:43.356134+05:30	508	Captcha object (508)	1	[{"added": {}}]	14	3
510	2020-11-23 21:31:48.874591+05:30	509	Captcha object (509)	1	[{"added": {}}]	14	3
511	2020-11-23 21:31:54.392925+05:30	510	Captcha object (510)	1	[{"added": {}}]	14	3
512	2020-11-23 21:31:59.986557+05:30	511	Captcha object (511)	1	[{"added": {}}]	14	3
513	2020-11-23 21:32:05.557204+05:30	512	Captcha object (512)	1	[{"added": {}}]	14	3
514	2020-11-23 21:32:11.281012+05:30	513	Captcha object (513)	1	[{"added": {}}]	14	3
515	2020-11-23 21:32:16.759642+05:30	514	Captcha object (514)	1	[{"added": {}}]	14	3
516	2020-11-23 21:32:22.317483+05:30	515	Captcha object (515)	1	[{"added": {}}]	14	3
517	2020-11-23 21:32:27.942102+05:30	516	Captcha object (516)	1	[{"added": {}}]	14	3
518	2020-11-23 21:32:33.537169+05:30	517	Captcha object (517)	1	[{"added": {}}]	14	3
519	2020-11-23 21:32:39.059842+05:30	518	Captcha object (518)	1	[{"added": {}}]	14	3
520	2020-11-23 21:32:44.669182+05:30	519	Captcha object (519)	1	[{"added": {}}]	14	3
521	2020-11-23 21:32:50.274058+05:30	520	Captcha object (520)	1	[{"added": {}}]	14	3
522	2020-11-23 21:32:55.865945+05:30	521	Captcha object (521)	1	[{"added": {}}]	14	3
523	2020-11-23 21:33:01.468409+05:30	522	Captcha object (522)	1	[{"added": {}}]	14	3
524	2020-11-23 21:33:07.057659+05:30	523	Captcha object (523)	1	[{"added": {}}]	14	3
525	2020-11-23 21:33:12.612042+05:30	524	Captcha object (524)	1	[{"added": {}}]	14	3
526	2020-11-23 21:33:18.282835+05:30	525	Captcha object (525)	1	[{"added": {}}]	14	3
527	2020-11-23 21:33:23.781609+05:30	526	Captcha object (526)	1	[{"added": {}}]	14	3
528	2020-11-23 21:33:29.450151+05:30	527	Captcha object (527)	1	[{"added": {}}]	14	3
529	2020-11-23 21:33:34.942209+05:30	528	Captcha object (528)	1	[{"added": {}}]	14	3
530	2020-11-23 21:33:40.597754+05:30	529	Captcha object (529)	1	[{"added": {}}]	14	3
531	2020-11-23 21:33:46.139812+05:30	530	Captcha object (530)	1	[{"added": {}}]	14	3
532	2020-11-23 21:33:51.756976+05:30	531	Captcha object (531)	1	[{"added": {}}]	14	3
533	2020-11-23 21:33:57.333598+05:30	532	Captcha object (532)	1	[{"added": {}}]	14	3
534	2020-11-23 21:34:02.87786+05:30	533	Captcha object (533)	1	[{"added": {}}]	14	3
535	2020-11-23 21:34:08.493669+05:30	534	Captcha object (534)	1	[{"added": {}}]	14	3
536	2020-11-23 21:34:14.037232+05:30	535	Captcha object (535)	1	[{"added": {}}]	14	3
537	2020-11-23 21:34:19.611182+05:30	536	Captcha object (536)	1	[{"added": {}}]	14	3
538	2020-11-23 21:34:25.132345+05:30	537	Captcha object (537)	1	[{"added": {}}]	14	3
539	2020-11-23 21:34:30.67463+05:30	538	Captcha object (538)	1	[{"added": {}}]	14	3
540	2020-11-23 21:34:36.204644+05:30	539	Captcha object (539)	1	[{"added": {}}]	14	3
541	2020-11-23 21:34:41.863067+05:30	540	Captcha object (540)	1	[{"added": {}}]	14	3
542	2020-11-23 21:34:47.432117+05:30	541	Captcha object (541)	1	[{"added": {}}]	14	3
543	2020-11-23 21:34:52.966043+05:30	542	Captcha object (542)	1	[{"added": {}}]	14	3
544	2020-11-23 21:34:58.476387+05:30	543	Captcha object (543)	1	[{"added": {}}]	14	3
545	2020-11-23 21:35:03.974003+05:30	544	Captcha object (544)	1	[{"added": {}}]	14	3
546	2020-11-23 21:35:09.566691+05:30	545	Captcha object (545)	1	[{"added": {}}]	14	3
547	2020-11-23 21:35:15.092983+05:30	546	Captcha object (546)	1	[{"added": {}}]	14	3
548	2020-11-23 21:35:20.613933+05:30	547	Captcha object (547)	1	[{"added": {}}]	14	3
549	2020-11-23 21:35:26.131115+05:30	548	Captcha object (548)	1	[{"added": {}}]	14	3
550	2020-11-23 21:35:31.669671+05:30	549	Captcha object (549)	1	[{"added": {}}]	14	3
551	2020-11-23 21:35:37.228348+05:30	550	Captcha object (550)	1	[{"added": {}}]	14	3
552	2020-11-23 21:35:42.713981+05:30	551	Captcha object (551)	1	[{"added": {}}]	14	3
553	2020-11-23 21:35:48.268843+05:30	552	Captcha object (552)	1	[{"added": {}}]	14	3
554	2020-11-23 21:35:53.903634+05:30	553	Captcha object (553)	1	[{"added": {}}]	14	3
555	2020-11-23 21:35:59.469376+05:30	554	Captcha object (554)	1	[{"added": {}}]	14	3
556	2020-11-23 21:36:05.067356+05:30	555	Captcha object (555)	1	[{"added": {}}]	14	3
557	2020-11-23 21:36:10.709642+05:30	556	Captcha object (556)	1	[{"added": {}}]	14	3
558	2020-11-23 21:36:16.333828+05:30	557	Captcha object (557)	1	[{"added": {}}]	14	3
559	2020-11-23 21:36:21.853896+05:30	558	Captcha object (558)	1	[{"added": {}}]	14	3
560	2020-11-23 21:36:27.442592+05:30	559	Captcha object (559)	1	[{"added": {}}]	14	3
561	2020-11-23 21:36:33.073691+05:30	560	Captcha object (560)	1	[{"added": {}}]	14	3
562	2020-11-23 21:36:38.662671+05:30	561	Captcha object (561)	1	[{"added": {}}]	14	3
563	2020-11-23 21:36:44.274115+05:30	562	Captcha object (562)	1	[{"added": {}}]	14	3
564	2020-11-23 21:36:49.898043+05:30	563	Captcha object (563)	1	[{"added": {}}]	14	3
565	2020-11-23 21:36:55.35802+05:30	564	Captcha object (564)	1	[{"added": {}}]	14	3
566	2020-11-23 21:37:00.860615+05:30	565	Captcha object (565)	1	[{"added": {}}]	14	3
567	2020-11-23 21:37:06.409047+05:30	566	Captcha object (566)	1	[{"added": {}}]	14	3
568	2020-11-23 21:37:11.898826+05:30	567	Captcha object (567)	1	[{"added": {}}]	14	3
569	2020-11-23 21:37:17.50513+05:30	568	Captcha object (568)	1	[{"added": {}}]	14	3
570	2020-11-23 21:37:23.125605+05:30	569	Captcha object (569)	1	[{"added": {}}]	14	3
571	2020-11-23 21:37:28.617663+05:30	570	Captcha object (570)	1	[{"added": {}}]	14	3
572	2020-11-23 21:37:34.175147+05:30	571	Captcha object (571)	1	[{"added": {}}]	14	3
573	2020-11-23 21:37:39.707471+05:30	572	Captcha object (572)	1	[{"added": {}}]	14	3
574	2020-11-23 21:37:45.211527+05:30	573	Captcha object (573)	1	[{"added": {}}]	14	3
575	2020-11-23 21:37:50.725136+05:30	574	Captcha object (574)	1	[{"added": {}}]	14	3
576	2020-11-23 21:37:56.315356+05:30	575	Captcha object (575)	1	[{"added": {}}]	14	3
577	2020-11-23 21:38:01.905118+05:30	576	Captcha object (576)	1	[{"added": {}}]	14	3
578	2020-11-23 21:38:07.416353+05:30	577	Captcha object (577)	1	[{"added": {}}]	14	3
579	2020-11-23 21:38:12.927318+05:30	578	Captcha object (578)	1	[{"added": {}}]	14	3
580	2020-11-23 21:38:18.401928+05:30	579	Captcha object (579)	1	[{"added": {}}]	14	3
581	2020-11-23 21:38:23.875498+05:30	580	Captcha object (580)	1	[{"added": {}}]	14	3
582	2020-11-23 21:38:29.378501+05:30	581	Captcha object (581)	1	[{"added": {}}]	14	3
583	2020-11-23 21:38:35.033409+05:30	582	Captcha object (582)	1	[{"added": {}}]	14	3
584	2020-11-23 21:38:40.537603+05:30	583	Captcha object (583)	1	[{"added": {}}]	14	3
585	2020-11-23 21:38:46.126835+05:30	584	Captcha object (584)	1	[{"added": {}}]	14	3
586	2020-11-23 21:38:51.763039+05:30	585	Captcha object (585)	1	[{"added": {}}]	14	3
587	2020-11-23 21:38:57.353377+05:30	586	Captcha object (586)	1	[{"added": {}}]	14	3
588	2020-11-23 21:39:02.85654+05:30	587	Captcha object (587)	1	[{"added": {}}]	14	3
589	2020-11-23 21:39:08.369673+05:30	588	Captcha object (588)	1	[{"added": {}}]	14	3
590	2020-11-23 21:39:13.94416+05:30	589	Captcha object (589)	1	[{"added": {}}]	14	3
591	2020-11-23 21:39:19.51149+05:30	590	Captcha object (590)	1	[{"added": {}}]	14	3
592	2020-11-23 21:39:25.016408+05:30	591	Captcha object (591)	1	[{"added": {}}]	14	3
593	2020-11-23 21:39:30.574208+05:30	592	Captcha object (592)	1	[{"added": {}}]	14	3
594	2020-11-23 21:39:36.136075+05:30	593	Captcha object (593)	1	[{"added": {}}]	14	3
595	2020-11-23 21:39:41.79063+05:30	594	Captcha object (594)	1	[{"added": {}}]	14	3
596	2020-11-23 21:39:47.359003+05:30	595	Captcha object (595)	1	[{"added": {}}]	14	3
597	2020-11-23 21:39:52.858835+05:30	596	Captcha object (596)	1	[{"added": {}}]	14	3
598	2020-11-23 21:39:58.425829+05:30	597	Captcha object (597)	1	[{"added": {}}]	14	3
599	2020-11-23 21:40:03.985992+05:30	598	Captcha object (598)	1	[{"added": {}}]	14	3
600	2020-11-23 21:40:09.605949+05:30	599	Captcha object (599)	1	[{"added": {}}]	14	3
601	2020-11-23 21:40:15.163728+05:30	600	Captcha object (600)	1	[{"added": {}}]	14	3
602	2020-11-23 21:40:20.739021+05:30	601	Captcha object (601)	1	[{"added": {}}]	14	3
603	2020-11-23 21:40:26.308309+05:30	602	Captcha object (602)	1	[{"added": {}}]	14	3
604	2020-11-23 21:40:31.912327+05:30	603	Captcha object (603)	1	[{"added": {}}]	14	3
605	2020-11-23 21:40:37.506824+05:30	604	Captcha object (604)	1	[{"added": {}}]	14	3
606	2020-11-23 21:40:43.204455+05:30	605	Captcha object (605)	1	[{"added": {}}]	14	3
607	2020-11-23 21:40:48.764992+05:30	606	Captcha object (606)	1	[{"added": {}}]	14	3
608	2020-11-23 21:40:54.34709+05:30	607	Captcha object (607)	1	[{"added": {}}]	14	3
609	2020-11-23 21:40:59.839283+05:30	608	Captcha object (608)	1	[{"added": {}}]	14	3
610	2020-11-23 21:41:05.341454+05:30	609	Captcha object (609)	1	[{"added": {}}]	14	3
611	2020-11-23 21:41:10.931895+05:30	610	Captcha object (610)	1	[{"added": {}}]	14	3
612	2020-11-23 21:41:16.495721+05:30	611	Captcha object (611)	1	[{"added": {}}]	14	3
613	2020-11-23 21:41:22.060576+05:30	612	Captcha object (612)	1	[{"added": {}}]	14	3
614	2020-11-23 21:41:27.630895+05:30	613	Captcha object (613)	1	[{"added": {}}]	14	3
615	2020-11-23 21:41:33.196814+05:30	614	Captcha object (614)	1	[{"added": {}}]	14	3
616	2020-11-23 21:41:38.709584+05:30	615	Captcha object (615)	1	[{"added": {}}]	14	3
617	2020-11-23 21:41:44.176997+05:30	616	Captcha object (616)	1	[{"added": {}}]	14	3
618	2020-11-23 21:41:49.821044+05:30	617	Captcha object (617)	1	[{"added": {}}]	14	3
619	2020-11-23 21:41:55.372891+05:30	618	Captcha object (618)	1	[{"added": {}}]	14	3
620	2020-11-23 21:42:00.854697+05:30	619	Captcha object (619)	1	[{"added": {}}]	14	3
621	2020-11-23 21:42:06.509748+05:30	620	Captcha object (620)	1	[{"added": {}}]	14	3
622	2020-11-23 21:42:11.958827+05:30	621	Captcha object (621)	1	[{"added": {}}]	14	3
623	2020-11-23 21:42:17.584712+05:30	622	Captcha object (622)	1	[{"added": {}}]	14	3
624	2020-11-23 21:42:23.235333+05:30	623	Captcha object (623)	1	[{"added": {}}]	14	3
625	2020-11-23 21:42:28.766009+05:30	624	Captcha object (624)	1	[{"added": {}}]	14	3
626	2020-11-23 21:42:34.256105+05:30	625	Captcha object (625)	1	[{"added": {}}]	14	3
627	2020-11-23 21:42:39.748068+05:30	626	Captcha object (626)	1	[{"added": {}}]	14	3
628	2020-11-23 21:42:45.377833+05:30	627	Captcha object (627)	1	[{"added": {}}]	14	3
629	2020-11-23 21:42:50.977097+05:30	628	Captcha object (628)	1	[{"added": {}}]	14	3
630	2020-11-23 21:42:56.597929+05:30	629	Captcha object (629)	1	[{"added": {}}]	14	3
631	2020-11-23 21:43:02.100284+05:30	630	Captcha object (630)	1	[{"added": {}}]	14	3
632	2020-11-23 21:43:07.842381+05:30	631	Captcha object (631)	1	[{"added": {}}]	14	3
633	2020-11-23 21:43:13.465009+05:30	632	Captcha object (632)	1	[{"added": {}}]	14	3
634	2020-11-23 21:43:19.035889+05:30	633	Captcha object (633)	1	[{"added": {}}]	14	3
635	2020-11-23 21:43:24.699225+05:30	634	Captcha object (634)	1	[{"added": {}}]	14	3
636	2020-11-23 21:43:30.194004+05:30	635	Captcha object (635)	1	[{"added": {}}]	14	3
637	2020-11-23 21:43:35.6856+05:30	636	Captcha object (636)	1	[{"added": {}}]	14	3
638	2020-11-23 21:43:41.228629+05:30	637	Captcha object (637)	1	[{"added": {}}]	14	3
639	2020-11-23 21:43:46.901862+05:30	638	Captcha object (638)	1	[{"added": {}}]	14	3
640	2020-11-23 21:43:52.474062+05:30	639	Captcha object (639)	1	[{"added": {}}]	14	3
641	2020-11-23 21:43:57.958272+05:30	640	Captcha object (640)	1	[{"added": {}}]	14	3
642	2020-11-23 21:44:03.491309+05:30	641	Captcha object (641)	1	[{"added": {}}]	14	3
643	2020-11-23 21:44:09.092664+05:30	642	Captcha object (642)	1	[{"added": {}}]	14	3
644	2020-11-23 21:44:14.672197+05:30	643	Captcha object (643)	1	[{"added": {}}]	14	3
645	2020-11-23 21:44:20.297702+05:30	644	Captcha object (644)	1	[{"added": {}}]	14	3
646	2020-11-23 21:44:25.879457+05:30	645	Captcha object (645)	1	[{"added": {}}]	14	3
647	2020-11-23 21:44:31.452253+05:30	646	Captcha object (646)	1	[{"added": {}}]	14	3
648	2020-11-23 21:44:37.059622+05:30	647	Captcha object (647)	1	[{"added": {}}]	14	3
649	2020-11-23 21:44:42.627999+05:30	648	Captcha object (648)	1	[{"added": {}}]	14	3
650	2020-11-23 21:44:48.196437+05:30	649	Captcha object (649)	1	[{"added": {}}]	14	3
651	2020-11-23 21:44:53.709344+05:30	650	Captcha object (650)	1	[{"added": {}}]	14	3
652	2020-11-23 21:44:59.34278+05:30	651	Captcha object (651)	1	[{"added": {}}]	14	3
653	2020-11-23 21:45:04.889528+05:30	652	Captcha object (652)	1	[{"added": {}}]	14	3
654	2020-11-23 21:45:10.454498+05:30	653	Captcha object (653)	1	[{"added": {}}]	14	3
655	2020-11-23 21:45:16.053881+05:30	654	Captcha object (654)	1	[{"added": {}}]	14	3
656	2020-11-23 21:45:21.695131+05:30	655	Captcha object (655)	1	[{"added": {}}]	14	3
657	2020-11-23 21:45:27.367216+05:30	656	Captcha object (656)	1	[{"added": {}}]	14	3
658	2020-11-23 21:45:33.029419+05:30	657	Captcha object (657)	1	[{"added": {}}]	14	3
659	2020-11-23 21:45:38.601249+05:30	658	Captcha object (658)	1	[{"added": {}}]	14	3
660	2020-11-23 21:45:44.309461+05:30	659	Captcha object (659)	1	[{"added": {}}]	14	3
661	2020-11-23 21:45:49.826705+05:30	660	Captcha object (660)	1	[{"added": {}}]	14	3
662	2020-11-23 21:45:55.320784+05:30	661	Captcha object (661)	1	[{"added": {}}]	14	3
663	2020-11-23 21:46:00.969944+05:30	662	Captcha object (662)	1	[{"added": {}}]	14	3
664	2020-11-23 21:46:06.506612+05:30	663	Captcha object (663)	1	[{"added": {}}]	14	3
665	2020-11-23 21:46:12.044403+05:30	664	Captcha object (664)	1	[{"added": {}}]	14	3
666	2020-11-23 21:46:17.626973+05:30	665	Captcha object (665)	1	[{"added": {}}]	14	3
667	2020-11-23 21:46:23.197859+05:30	666	Captcha object (666)	1	[{"added": {}}]	14	3
668	2020-11-23 21:46:28.738732+05:30	667	Captcha object (667)	1	[{"added": {}}]	14	3
669	2020-11-23 21:46:34.312175+05:30	668	Captcha object (668)	1	[{"added": {}}]	14	3
670	2020-11-23 21:46:39.85493+05:30	669	Captcha object (669)	1	[{"added": {}}]	14	3
671	2020-11-23 21:46:45.344369+05:30	670	Captcha object (670)	1	[{"added": {}}]	14	3
672	2020-11-23 21:46:50.842594+05:30	671	Captcha object (671)	1	[{"added": {}}]	14	3
673	2020-11-23 21:46:56.369325+05:30	672	Captcha object (672)	1	[{"added": {}}]	14	3
674	2020-11-23 21:47:02.074355+05:30	673	Captcha object (673)	1	[{"added": {}}]	14	3
675	2020-11-23 21:47:07.55259+05:30	674	Captcha object (674)	1	[{"added": {}}]	14	3
676	2020-11-23 21:47:13.145842+05:30	675	Captcha object (675)	1	[{"added": {}}]	14	3
677	2020-11-23 21:47:18.655057+05:30	676	Captcha object (676)	1	[{"added": {}}]	14	3
678	2020-11-23 21:47:24.235388+05:30	677	Captcha object (677)	1	[{"added": {}}]	14	3
679	2020-11-23 21:47:29.709396+05:30	678	Captcha object (678)	1	[{"added": {}}]	14	3
680	2020-11-23 21:47:35.206218+05:30	679	Captcha object (679)	1	[{"added": {}}]	14	3
681	2020-11-23 21:47:40.812143+05:30	680	Captcha object (680)	1	[{"added": {}}]	14	3
682	2020-11-23 21:47:46.427851+05:30	681	Captcha object (681)	1	[{"added": {}}]	14	3
683	2020-11-23 21:47:52.104515+05:30	682	Captcha object (682)	1	[{"added": {}}]	14	3
684	2020-11-23 21:47:57.660579+05:30	683	Captcha object (683)	1	[{"added": {}}]	14	3
685	2020-11-23 21:48:03.20862+05:30	684	Captcha object (684)	1	[{"added": {}}]	14	3
686	2020-11-23 21:48:08.81688+05:30	685	Captcha object (685)	1	[{"added": {}}]	14	3
687	2020-11-23 21:48:14.488383+05:30	686	Captcha object (686)	1	[{"added": {}}]	14	3
688	2020-11-23 21:48:20.120599+05:30	687	Captcha object (687)	1	[{"added": {}}]	14	3
689	2020-11-23 21:48:25.618309+05:30	688	Captcha object (688)	1	[{"added": {}}]	14	3
690	2020-11-23 21:48:31.225789+05:30	689	Captcha object (689)	1	[{"added": {}}]	14	3
691	2020-11-23 21:48:36.716964+05:30	690	Captcha object (690)	1	[{"added": {}}]	14	3
692	2020-11-23 21:48:42.243639+05:30	691	Captcha object (691)	1	[{"added": {}}]	14	3
693	2020-11-23 21:48:47.791085+05:30	692	Captcha object (692)	1	[{"added": {}}]	14	3
694	2020-11-23 21:48:53.373781+05:30	693	Captcha object (693)	1	[{"added": {}}]	14	3
695	2020-11-23 21:48:58.901119+05:30	694	Captcha object (694)	1	[{"added": {}}]	14	3
696	2020-11-23 21:49:04.425023+05:30	695	Captcha object (695)	1	[{"added": {}}]	14	3
697	2020-11-23 21:49:09.948064+05:30	696	Captcha object (696)	1	[{"added": {}}]	14	3
698	2020-11-23 21:49:15.531386+05:30	697	Captcha object (697)	1	[{"added": {}}]	14	3
699	2020-11-23 21:49:21.124417+05:30	698	Captcha object (698)	1	[{"added": {}}]	14	3
700	2020-11-23 21:49:26.64219+05:30	699	Captcha object (699)	1	[{"added": {}}]	14	3
701	2020-11-23 21:49:32.213473+05:30	700	Captcha object (700)	1	[{"added": {}}]	14	3
702	2020-11-23 21:49:37.752225+05:30	701	Captcha object (701)	1	[{"added": {}}]	14	3
703	2020-11-23 21:49:43.334713+05:30	702	Captcha object (702)	1	[{"added": {}}]	14	3
704	2020-11-23 21:49:48.844937+05:30	703	Captcha object (703)	1	[{"added": {}}]	14	3
705	2020-11-23 21:49:54.49295+05:30	704	Captcha object (704)	1	[{"added": {}}]	14	3
706	2020-11-23 21:50:00.057575+05:30	705	Captcha object (705)	1	[{"added": {}}]	14	3
707	2020-11-23 21:50:05.62942+05:30	706	Captcha object (706)	1	[{"added": {}}]	14	3
708	2020-11-23 21:50:11.244799+05:30	707	Captcha object (707)	1	[{"added": {}}]	14	3
709	2020-11-23 21:50:16.751184+05:30	708	Captcha object (708)	1	[{"added": {}}]	14	3
710	2020-11-23 21:50:22.328551+05:30	709	Captcha object (709)	1	[{"added": {}}]	14	3
711	2020-11-23 21:50:27.973649+05:30	710	Captcha object (710)	1	[{"added": {}}]	14	3
712	2020-11-23 21:50:33.517365+05:30	711	Captcha object (711)	1	[{"added": {}}]	14	3
713	2020-11-23 21:50:39.0061+05:30	712	Captcha object (712)	1	[{"added": {}}]	14	3
714	2020-11-23 21:50:44.540564+05:30	713	Captcha object (713)	1	[{"added": {}}]	14	3
715	2020-11-23 21:50:50.020253+05:30	714	Captcha object (714)	1	[{"added": {}}]	14	3
716	2020-11-23 21:50:55.561425+05:30	715	Captcha object (715)	1	[{"added": {}}]	14	3
717	2020-11-23 21:51:01.095245+05:30	716	Captcha object (716)	1	[{"added": {}}]	14	3
718	2020-11-23 21:51:06.673279+05:30	717	Captcha object (717)	1	[{"added": {}}]	14	3
719	2020-11-23 21:51:12.266638+05:30	718	Captcha object (718)	1	[{"added": {}}]	14	3
720	2020-11-23 21:51:17.84137+05:30	719	Captcha object (719)	1	[{"added": {}}]	14	3
721	2020-11-23 21:51:23.455425+05:30	720	Captcha object (720)	1	[{"added": {}}]	14	3
722	2020-11-23 21:51:29.161372+05:30	721	Captcha object (721)	1	[{"added": {}}]	14	3
723	2020-11-23 21:51:34.754696+05:30	722	Captcha object (722)	1	[{"added": {}}]	14	3
724	2020-11-23 21:51:40.278512+05:30	723	Captcha object (723)	1	[{"added": {}}]	14	3
725	2020-11-23 21:51:45.890039+05:30	724	Captcha object (724)	1	[{"added": {}}]	14	3
726	2020-11-23 21:51:51.537966+05:30	725	Captcha object (725)	1	[{"added": {}}]	14	3
727	2020-11-23 21:51:57.117531+05:30	726	Captcha object (726)	1	[{"added": {}}]	14	3
728	2020-11-23 21:52:02.647114+05:30	727	Captcha object (727)	1	[{"added": {}}]	14	3
729	2020-11-23 21:52:08.213312+05:30	728	Captcha object (728)	1	[{"added": {}}]	14	3
730	2020-11-23 21:52:13.832825+05:30	729	Captcha object (729)	1	[{"added": {}}]	14	3
731	2020-11-23 21:52:19.393343+05:30	730	Captcha object (730)	1	[{"added": {}}]	14	3
732	2020-11-23 21:52:24.938899+05:30	731	Captcha object (731)	1	[{"added": {}}]	14	3
733	2020-11-23 21:52:30.46278+05:30	732	Captcha object (732)	1	[{"added": {}}]	14	3
734	2020-11-23 21:52:36.116587+05:30	733	Captcha object (733)	1	[{"added": {}}]	14	3
735	2020-11-23 21:52:41.674592+05:30	734	Captcha object (734)	1	[{"added": {}}]	14	3
736	2020-11-23 21:52:47.235411+05:30	735	Captcha object (735)	1	[{"added": {}}]	14	3
737	2020-11-23 21:52:52.724963+05:30	736	Captcha object (736)	1	[{"added": {}}]	14	3
738	2020-11-23 21:52:58.32612+05:30	737	Captcha object (737)	1	[{"added": {}}]	14	3
739	2020-11-23 21:53:03.933115+05:30	738	Captcha object (738)	1	[{"added": {}}]	14	3
740	2020-11-23 21:53:09.506588+05:30	739	Captcha object (739)	1	[{"added": {}}]	14	3
741	2020-11-23 21:53:15.168608+05:30	740	Captcha object (740)	1	[{"added": {}}]	14	3
742	2020-11-23 21:53:20.67293+05:30	741	Captcha object (741)	1	[{"added": {}}]	14	3
743	2020-11-23 21:53:26.219499+05:30	742	Captcha object (742)	1	[{"added": {}}]	14	3
744	2020-11-23 21:53:31.772921+05:30	743	Captcha object (743)	1	[{"added": {}}]	14	3
745	2020-11-23 21:53:37.347567+05:30	744	Captcha object (744)	1	[{"added": {}}]	14	3
746	2020-11-23 21:53:42.997991+05:30	745	Captcha object (745)	1	[{"added": {}}]	14	3
747	2020-11-23 21:53:48.590176+05:30	746	Captcha object (746)	1	[{"added": {}}]	14	3
748	2020-11-23 21:53:54.179824+05:30	747	Captcha object (747)	1	[{"added": {}}]	14	3
749	2020-11-23 21:53:59.623982+05:30	748	Captcha object (748)	1	[{"added": {}}]	14	3
750	2020-11-23 21:54:05.154664+05:30	749	Captcha object (749)	1	[{"added": {}}]	14	3
751	2020-11-23 21:54:10.660224+05:30	750	Captcha object (750)	1	[{"added": {}}]	14	3
752	2020-11-23 21:54:16.218197+05:30	751	Captcha object (751)	1	[{"added": {}}]	14	3
753	2020-11-23 21:54:21.709913+05:30	752	Captcha object (752)	1	[{"added": {}}]	14	3
754	2020-11-23 21:54:27.185058+05:30	753	Captcha object (753)	1	[{"added": {}}]	14	3
755	2020-11-23 21:54:32.767947+05:30	754	Captcha object (754)	1	[{"added": {}}]	14	3
756	2020-11-23 21:54:38.281837+05:30	755	Captcha object (755)	1	[{"added": {}}]	14	3
757	2020-11-23 21:54:43.786325+05:30	756	Captcha object (756)	1	[{"added": {}}]	14	3
758	2020-11-23 21:54:49.352452+05:30	757	Captcha object (757)	1	[{"added": {}}]	14	3
759	2020-11-23 21:54:54.986845+05:30	758	Captcha object (758)	1	[{"added": {}}]	14	3
760	2020-11-23 21:55:00.612216+05:30	759	Captcha object (759)	1	[{"added": {}}]	14	3
761	2020-11-23 21:55:06.085519+05:30	760	Captcha object (760)	1	[{"added": {}}]	14	3
762	2020-11-23 21:55:11.687961+05:30	761	Captcha object (761)	1	[{"added": {}}]	14	3
763	2020-11-23 21:55:17.306637+05:30	762	Captcha object (762)	1	[{"added": {}}]	14	3
764	2020-11-23 21:55:22.875528+05:30	763	Captcha object (763)	1	[{"added": {}}]	14	3
765	2020-11-23 21:55:28.436038+05:30	764	Captcha object (764)	1	[{"added": {}}]	14	3
766	2020-11-23 21:55:33.960198+05:30	765	Captcha object (765)	1	[{"added": {}}]	14	3
767	2020-11-23 21:55:39.640719+05:30	766	Captcha object (766)	1	[{"added": {}}]	14	3
768	2020-11-23 21:55:45.141078+05:30	767	Captcha object (767)	1	[{"added": {}}]	14	3
769	2020-11-23 21:55:50.736507+05:30	768	Captcha object (768)	1	[{"added": {}}]	14	3
770	2020-11-23 21:55:56.365537+05:30	769	Captcha object (769)	1	[{"added": {}}]	14	3
771	2020-11-23 21:56:01.989036+05:30	770	Captcha object (770)	1	[{"added": {}}]	14	3
772	2020-11-23 21:56:07.49681+05:30	771	Captcha object (771)	1	[{"added": {}}]	14	3
773	2020-11-23 21:56:13.023527+05:30	772	Captcha object (772)	1	[{"added": {}}]	14	3
774	2020-11-23 21:56:18.699748+05:30	773	Captcha object (773)	1	[{"added": {}}]	14	3
775	2020-11-23 21:56:24.138108+05:30	774	Captcha object (774)	1	[{"added": {}}]	14	3
776	2020-11-23 21:56:29.736194+05:30	775	Captcha object (775)	1	[{"added": {}}]	14	3
777	2020-11-23 21:56:35.432182+05:30	776	Captcha object (776)	1	[{"added": {}}]	14	3
778	2020-11-23 21:56:40.882212+05:30	777	Captcha object (777)	1	[{"added": {}}]	14	3
779	2020-11-23 21:56:46.385829+05:30	778	Captcha object (778)	1	[{"added": {}}]	14	3
780	2020-11-23 21:56:51.849837+05:30	779	Captcha object (779)	1	[{"added": {}}]	14	3
781	2020-11-23 21:56:57.441299+05:30	780	Captcha object (780)	1	[{"added": {}}]	14	3
782	2020-11-23 21:57:02.999396+05:30	781	Captcha object (781)	1	[{"added": {}}]	14	3
783	2020-11-23 21:57:08.644133+05:30	782	Captcha object (782)	1	[{"added": {}}]	14	3
784	2020-11-23 21:57:14.353645+05:30	783	Captcha object (783)	1	[{"added": {}}]	14	3
785	2020-11-23 21:57:19.908665+05:30	784	Captcha object (784)	1	[{"added": {}}]	14	3
786	2020-11-23 21:57:25.397521+05:30	785	Captcha object (785)	1	[{"added": {}}]	14	3
787	2020-11-23 21:57:30.9423+05:30	786	Captcha object (786)	1	[{"added": {}}]	14	3
788	2020-11-23 21:57:36.502213+05:30	787	Captcha object (787)	1	[{"added": {}}]	14	3
789	2020-11-23 21:57:42.054371+05:30	788	Captcha object (788)	1	[{"added": {}}]	14	3
790	2020-11-23 21:57:47.771769+05:30	789	Captcha object (789)	1	[{"added": {}}]	14	3
791	2020-11-23 21:57:53.346856+05:30	790	Captcha object (790)	1	[{"added": {}}]	14	3
792	2020-11-23 21:57:58.902883+05:30	791	Captcha object (791)	1	[{"added": {}}]	14	3
793	2020-11-23 21:58:04.450234+05:30	792	Captcha object (792)	1	[{"added": {}}]	14	3
794	2020-11-23 21:58:10.067907+05:30	793	Captcha object (793)	1	[{"added": {}}]	14	3
795	2020-11-23 21:58:15.792463+05:30	794	Captcha object (794)	1	[{"added": {}}]	14	3
796	2020-11-23 21:58:21.299222+05:30	795	Captcha object (795)	1	[{"added": {}}]	14	3
797	2020-11-23 21:58:26.802503+05:30	796	Captcha object (796)	1	[{"added": {}}]	14	3
798	2020-11-23 21:58:32.456027+05:30	797	Captcha object (797)	1	[{"added": {}}]	14	3
799	2020-11-23 21:58:38.044044+05:30	798	Captcha object (798)	1	[{"added": {}}]	14	3
800	2020-11-23 21:58:43.535814+05:30	799	Captcha object (799)	1	[{"added": {}}]	14	3
801	2020-11-23 21:58:49.112276+05:30	800	Captcha object (800)	1	[{"added": {}}]	14	3
802	2020-11-23 21:58:54.650157+05:30	801	Captcha object (801)	1	[{"added": {}}]	14	3
803	2020-11-23 21:59:00.209348+05:30	802	Captcha object (802)	1	[{"added": {}}]	14	3
804	2020-11-23 21:59:05.674325+05:30	803	Captcha object (803)	1	[{"added": {}}]	14	3
805	2020-11-23 21:59:11.173703+05:30	804	Captcha object (804)	1	[{"added": {}}]	14	3
806	2020-11-23 21:59:16.764612+05:30	805	Captcha object (805)	1	[{"added": {}}]	14	3
807	2020-11-23 21:59:22.30213+05:30	806	Captcha object (806)	1	[{"added": {}}]	14	3
808	2020-11-23 21:59:27.853561+05:30	807	Captcha object (807)	1	[{"added": {}}]	14	3
809	2020-11-23 21:59:33.401064+05:30	808	Captcha object (808)	1	[{"added": {}}]	14	3
810	2020-11-23 21:59:38.996956+05:30	809	Captcha object (809)	1	[{"added": {}}]	14	3
811	2020-11-23 21:59:44.538536+05:30	810	Captcha object (810)	1	[{"added": {}}]	14	3
812	2020-11-23 21:59:50.104812+05:30	811	Captcha object (811)	1	[{"added": {}}]	14	3
813	2020-11-23 21:59:55.585759+05:30	812	Captcha object (812)	1	[{"added": {}}]	14	3
814	2020-11-23 22:00:01.237333+05:30	813	Captcha object (813)	1	[{"added": {}}]	14	3
815	2020-11-23 22:00:06.877116+05:30	814	Captcha object (814)	1	[{"added": {}}]	14	3
816	2020-11-23 22:00:12.364098+05:30	815	Captcha object (815)	1	[{"added": {}}]	14	3
817	2020-11-23 22:00:17.936631+05:30	816	Captcha object (816)	1	[{"added": {}}]	14	3
818	2020-11-23 22:00:23.474982+05:30	817	Captcha object (817)	1	[{"added": {}}]	14	3
819	2020-11-23 22:00:29.078923+05:30	818	Captcha object (818)	1	[{"added": {}}]	14	3
820	2020-11-23 22:00:34.651938+05:30	819	Captcha object (819)	1	[{"added": {}}]	14	3
821	2020-11-23 22:00:40.197066+05:30	820	Captcha object (820)	1	[{"added": {}}]	14	3
822	2020-11-23 22:00:45.750163+05:30	821	Captcha object (821)	1	[{"added": {}}]	14	3
823	2020-11-23 22:00:51.313678+05:30	822	Captcha object (822)	1	[{"added": {}}]	14	3
824	2020-11-23 22:00:56.867061+05:30	823	Captcha object (823)	1	[{"added": {}}]	14	3
825	2020-11-23 22:01:02.371363+05:30	824	Captcha object (824)	1	[{"added": {}}]	14	3
826	2020-11-23 22:01:07.906684+05:30	825	Captcha object (825)	1	[{"added": {}}]	14	3
827	2020-11-23 22:01:13.467053+05:30	826	Captcha object (826)	1	[{"added": {}}]	14	3
828	2020-11-23 22:01:19.127642+05:30	827	Captcha object (827)	1	[{"added": {}}]	14	3
829	2020-11-23 22:01:24.668835+05:30	828	Captcha object (828)	1	[{"added": {}}]	14	3
830	2020-11-23 22:01:30.244476+05:30	829	Captcha object (829)	1	[{"added": {}}]	14	3
831	2020-11-23 22:01:35.805065+05:30	830	Captcha object (830)	1	[{"added": {}}]	14	3
832	2020-11-23 22:01:41.377581+05:30	831	Captcha object (831)	1	[{"added": {}}]	14	3
833	2020-11-23 22:01:46.970309+05:30	832	Captcha object (832)	1	[{"added": {}}]	14	3
834	2020-11-23 22:01:52.478288+05:30	833	Captcha object (833)	1	[{"added": {}}]	14	3
835	2020-11-23 22:01:58.039298+05:30	834	Captcha object (834)	1	[{"added": {}}]	14	3
836	2020-11-23 22:02:03.63564+05:30	835	Captcha object (835)	1	[{"added": {}}]	14	3
837	2020-11-23 22:02:09.322609+05:30	836	Captcha object (836)	1	[{"added": {}}]	14	3
838	2020-11-23 22:02:14.981651+05:30	837	Captcha object (837)	1	[{"added": {}}]	14	3
839	2020-11-23 22:02:20.513932+05:30	838	Captcha object (838)	1	[{"added": {}}]	14	3
840	2020-11-23 22:02:26.192816+05:30	839	Captcha object (839)	1	[{"added": {}}]	14	3
841	2020-11-23 22:02:31.721438+05:30	840	Captcha object (840)	1	[{"added": {}}]	14	3
842	2020-11-23 22:02:37.320568+05:30	841	Captcha object (841)	1	[{"added": {}}]	14	3
843	2020-11-23 22:02:42.873456+05:30	842	Captcha object (842)	1	[{"added": {}}]	14	3
844	2020-11-23 22:02:48.390809+05:30	843	Captcha object (843)	1	[{"added": {}}]	14	3
845	2020-11-23 22:02:53.989027+05:30	844	Captcha object (844)	1	[{"added": {}}]	14	3
846	2020-11-23 22:02:59.543106+05:30	845	Captcha object (845)	1	[{"added": {}}]	14	3
847	2020-11-23 22:03:05.103061+05:30	846	Captcha object (846)	1	[{"added": {}}]	14	3
848	2020-11-23 22:03:10.650516+05:30	847	Captcha object (847)	1	[{"added": {}}]	14	3
849	2020-11-23 22:03:16.305552+05:30	848	Captcha object (848)	1	[{"added": {}}]	14	3
850	2020-11-23 22:03:21.846619+05:30	849	Captcha object (849)	1	[{"added": {}}]	14	3
851	2020-11-23 22:03:27.510609+05:30	850	Captcha object (850)	1	[{"added": {}}]	14	3
852	2020-11-23 22:03:33.015843+05:30	851	Captcha object (851)	1	[{"added": {}}]	14	3
853	2020-11-23 22:03:38.625011+05:30	852	Captcha object (852)	1	[{"added": {}}]	14	3
854	2020-11-23 22:03:44.237679+05:30	853	Captcha object (853)	1	[{"added": {}}]	14	3
855	2020-11-23 22:03:49.878678+05:30	854	Captcha object (854)	1	[{"added": {}}]	14	3
856	2020-11-23 22:03:55.470986+05:30	855	Captcha object (855)	1	[{"added": {}}]	14	3
857	2020-11-23 22:04:01.112065+05:30	856	Captcha object (856)	1	[{"added": {}}]	14	3
858	2020-11-23 22:04:06.617182+05:30	857	Captcha object (857)	1	[{"added": {}}]	14	3
859	2020-11-23 22:04:12.211648+05:30	858	Captcha object (858)	1	[{"added": {}}]	14	3
860	2020-11-23 22:04:17.87588+05:30	859	Captcha object (859)	1	[{"added": {}}]	14	3
861	2020-11-23 22:04:23.472717+05:30	860	Captcha object (860)	1	[{"added": {}}]	14	3
862	2020-11-23 22:04:29.036103+05:30	861	Captcha object (861)	1	[{"added": {}}]	14	3
863	2020-11-23 22:04:34.716878+05:30	862	Captcha object (862)	1	[{"added": {}}]	14	3
864	2020-11-23 22:04:40.357406+05:30	863	Captcha object (863)	1	[{"added": {}}]	14	3
865	2020-11-23 22:04:45.872128+05:30	864	Captcha object (864)	1	[{"added": {}}]	14	3
866	2020-11-23 22:04:51.451428+05:30	865	Captcha object (865)	1	[{"added": {}}]	14	3
867	2020-11-23 22:04:57.024438+05:30	866	Captcha object (866)	1	[{"added": {}}]	14	3
868	2020-11-23 22:05:02.614731+05:30	867	Captcha object (867)	1	[{"added": {}}]	14	3
869	2020-11-23 22:05:08.210232+05:30	868	Captcha object (868)	1	[{"added": {}}]	14	3
870	2020-11-23 22:05:13.762451+05:30	869	Captcha object (869)	1	[{"added": {}}]	14	3
871	2020-11-23 22:05:19.353111+05:30	870	Captcha object (870)	1	[{"added": {}}]	14	3
872	2020-11-23 22:05:24.880721+05:30	871	Captcha object (871)	1	[{"added": {}}]	14	3
873	2020-11-23 22:05:30.432605+05:30	872	Captcha object (872)	1	[{"added": {}}]	14	3
874	2020-11-23 22:05:36.067388+05:30	873	Captcha object (873)	1	[{"added": {}}]	14	3
875	2020-11-23 22:05:41.731001+05:30	874	Captcha object (874)	1	[{"added": {}}]	14	3
876	2020-11-23 22:05:47.238196+05:30	875	Captcha object (875)	1	[{"added": {}}]	14	3
877	2020-11-23 22:05:52.8624+05:30	876	Captcha object (876)	1	[{"added": {}}]	14	3
878	2020-11-23 22:05:58.437378+05:30	877	Captcha object (877)	1	[{"added": {}}]	14	3
879	2020-11-23 22:06:03.963825+05:30	878	Captcha object (878)	1	[{"added": {}}]	14	3
880	2020-11-23 22:06:09.512693+05:30	879	Captcha object (879)	1	[{"added": {}}]	14	3
881	2020-11-23 22:06:15.012086+05:30	880	Captcha object (880)	1	[{"added": {}}]	14	3
882	2020-11-23 22:06:20.55277+05:30	881	Captcha object (881)	1	[{"added": {}}]	14	3
883	2020-11-23 22:06:26.066542+05:30	882	Captcha object (882)	1	[{"added": {}}]	14	3
884	2020-11-23 22:06:31.593715+05:30	883	Captcha object (883)	1	[{"added": {}}]	14	3
885	2020-11-23 22:06:37.181353+05:30	884	Captcha object (884)	1	[{"added": {}}]	14	3
886	2020-11-23 22:06:42.760951+05:30	885	Captcha object (885)	1	[{"added": {}}]	14	3
887	2020-11-23 22:06:48.290851+05:30	886	Captcha object (886)	1	[{"added": {}}]	14	3
888	2020-11-23 22:06:53.782778+05:30	887	Captcha object (887)	1	[{"added": {}}]	14	3
889	2020-11-23 22:06:59.343774+05:30	888	Captcha object (888)	1	[{"added": {}}]	14	3
890	2020-11-23 22:07:04.955204+05:30	889	Captcha object (889)	1	[{"added": {}}]	14	3
891	2020-11-23 22:07:10.439566+05:30	890	Captcha object (890)	1	[{"added": {}}]	14	3
892	2020-11-23 22:07:16.065292+05:30	891	Captcha object (891)	1	[{"added": {}}]	14	3
893	2020-11-23 22:07:21.516614+05:30	892	Captcha object (892)	1	[{"added": {}}]	14	3
894	2020-11-23 22:07:27.12604+05:30	893	Captcha object (893)	1	[{"added": {}}]	14	3
895	2020-11-23 22:07:32.653512+05:30	894	Captcha object (894)	1	[{"added": {}}]	14	3
896	2020-11-23 22:07:38.157005+05:30	895	Captcha object (895)	1	[{"added": {}}]	14	3
897	2020-11-23 22:07:43.679724+05:30	896	Captcha object (896)	1	[{"added": {}}]	14	3
898	2020-11-23 22:07:49.230183+05:30	897	Captcha object (897)	1	[{"added": {}}]	14	3
899	2020-11-23 22:07:54.881081+05:30	898	Captcha object (898)	1	[{"added": {}}]	14	3
900	2020-11-23 22:08:00.30352+05:30	899	Captcha object (899)	1	[{"added": {}}]	14	3
901	2020-11-23 22:08:05.901953+05:30	900	Captcha object (900)	1	[{"added": {}}]	14	3
902	2020-11-23 22:08:11.456705+05:30	901	Captcha object (901)	1	[{"added": {}}]	14	3
903	2020-11-23 22:08:16.998285+05:30	902	Captcha object (902)	1	[{"added": {}}]	14	3
904	2020-11-23 22:08:22.564892+05:30	903	Captcha object (903)	1	[{"added": {}}]	14	3
905	2020-11-23 22:08:28.134858+05:30	904	Captcha object (904)	1	[{"added": {}}]	14	3
906	2020-11-23 22:08:33.597395+05:30	905	Captcha object (905)	1	[{"added": {}}]	14	3
907	2020-11-23 22:08:39.125105+05:30	906	Captcha object (906)	1	[{"added": {}}]	14	3
908	2020-11-23 22:08:44.630204+05:30	907	Captcha object (907)	1	[{"added": {}}]	14	3
909	2020-11-23 22:08:50.094566+05:30	908	Captcha object (908)	1	[{"added": {}}]	14	3
910	2020-11-23 22:08:55.631664+05:30	909	Captcha object (909)	1	[{"added": {}}]	14	3
911	2020-11-23 22:09:01.219975+05:30	910	Captcha object (910)	1	[{"added": {}}]	14	3
912	2020-11-23 22:09:06.820415+05:30	911	Captcha object (911)	1	[{"added": {}}]	14	3
913	2020-11-23 22:09:12.41789+05:30	912	Captcha object (912)	1	[{"added": {}}]	14	3
914	2020-11-23 22:09:18.000971+05:30	913	Captcha object (913)	1	[{"added": {}}]	14	3
915	2020-11-23 22:09:23.558869+05:30	914	Captcha object (914)	1	[{"added": {}}]	14	3
916	2020-11-23 22:09:29.325813+05:30	915	Captcha object (915)	1	[{"added": {}}]	14	3
917	2020-11-23 22:09:34.706735+05:30	916	Captcha object (916)	1	[{"added": {}}]	14	3
918	2020-11-23 22:09:40.369055+05:30	917	Captcha object (917)	1	[{"added": {}}]	14	3
919	2020-11-23 22:09:45.856596+05:30	918	Captcha object (918)	1	[{"added": {}}]	14	3
920	2020-11-23 22:09:51.44991+05:30	919	Captcha object (919)	1	[{"added": {}}]	14	3
921	2020-11-23 22:09:57.051435+05:30	920	Captcha object (920)	1	[{"added": {}}]	14	3
922	2020-11-23 22:10:02.631546+05:30	921	Captcha object (921)	1	[{"added": {}}]	14	3
923	2020-11-23 22:10:08.182849+05:30	922	Captcha object (922)	1	[{"added": {}}]	14	3
924	2020-11-23 22:10:13.690493+05:30	923	Captcha object (923)	1	[{"added": {}}]	14	3
925	2020-11-23 22:10:19.250176+05:30	924	Captcha object (924)	1	[{"added": {}}]	14	3
926	2020-11-23 22:10:24.782381+05:30	925	Captcha object (925)	1	[{"added": {}}]	14	3
927	2020-11-23 22:10:30.315752+05:30	926	Captcha object (926)	1	[{"added": {}}]	14	3
928	2020-11-23 22:10:35.908479+05:30	927	Captcha object (927)	1	[{"added": {}}]	14	3
929	2020-11-23 22:10:41.449905+05:30	928	Captcha object (928)	1	[{"added": {}}]	14	3
930	2020-11-23 22:10:46.97991+05:30	929	Captcha object (929)	1	[{"added": {}}]	14	3
931	2020-11-23 22:10:52.559639+05:30	930	Captcha object (930)	1	[{"added": {}}]	14	3
932	2020-11-23 22:10:58.053134+05:30	931	Captcha object (931)	1	[{"added": {}}]	14	3
933	2020-11-23 22:11:03.579368+05:30	932	Captcha object (932)	1	[{"added": {}}]	14	3
934	2020-11-23 22:11:09.08368+05:30	933	Captcha object (933)	1	[{"added": {}}]	14	3
935	2020-11-23 22:11:14.690107+05:30	934	Captcha object (934)	1	[{"added": {}}]	14	3
936	2020-11-23 22:11:20.24989+05:30	935	Captcha object (935)	1	[{"added": {}}]	14	3
937	2020-11-23 22:11:25.846311+05:30	936	Captcha object (936)	1	[{"added": {}}]	14	3
938	2020-11-23 22:11:31.35402+05:30	937	Captcha object (937)	1	[{"added": {}}]	14	3
939	2020-11-23 22:11:36.905309+05:30	938	Captcha object (938)	1	[{"added": {}}]	14	3
940	2020-11-23 22:11:42.415259+05:30	939	Captcha object (939)	1	[{"added": {}}]	14	3
941	2020-11-23 22:11:47.982236+05:30	940	Captcha object (940)	1	[{"added": {}}]	14	3
942	2020-11-23 22:11:53.625965+05:30	941	Captcha object (941)	1	[{"added": {}}]	14	3
943	2020-11-23 22:11:59.264858+05:30	942	Captcha object (942)	1	[{"added": {}}]	14	3
944	2020-11-23 22:12:05.058051+05:30	943	Captcha object (943)	1	[{"added": {}}]	14	3
945	2020-11-23 22:12:10.467844+05:30	944	Captcha object (944)	1	[{"added": {}}]	14	3
946	2020-11-23 22:12:15.94356+05:30	945	Captcha object (945)	1	[{"added": {}}]	14	3
947	2020-11-23 22:12:21.43222+05:30	946	Captcha object (946)	1	[{"added": {}}]	14	3
948	2020-11-23 22:12:26.959913+05:30	947	Captcha object (947)	1	[{"added": {}}]	14	3
949	2020-11-23 22:12:32.528757+05:30	948	Captcha object (948)	1	[{"added": {}}]	14	3
950	2020-11-23 22:12:38.061358+05:30	949	Captcha object (949)	1	[{"added": {}}]	14	3
951	2020-11-23 22:12:43.606427+05:30	950	Captcha object (950)	1	[{"added": {}}]	14	3
952	2020-11-23 22:12:49.09479+05:30	951	Captcha object (951)	1	[{"added": {}}]	14	3
953	2020-11-23 22:12:54.604568+05:30	952	Captcha object (952)	1	[{"added": {}}]	14	3
954	2020-11-23 22:13:00.202364+05:30	953	Captcha object (953)	1	[{"added": {}}]	14	3
955	2020-11-23 22:13:05.950747+05:30	954	Captcha object (954)	1	[{"added": {}}]	14	3
956	2020-11-23 22:13:11.456483+05:30	955	Captcha object (955)	1	[{"added": {}}]	14	3
957	2020-11-23 22:13:17.004136+05:30	956	Captcha object (956)	1	[{"added": {}}]	14	3
958	2020-11-23 22:13:22.743504+05:30	957	Captcha object (957)	1	[{"added": {}}]	14	3
959	2020-11-23 22:13:28.343356+05:30	958	Captcha object (958)	1	[{"added": {}}]	14	3
960	2020-11-23 22:13:33.927991+05:30	959	Captcha object (959)	1	[{"added": {}}]	14	3
961	2020-11-23 22:13:39.512049+05:30	960	Captcha object (960)	1	[{"added": {}}]	14	3
962	2020-11-23 22:13:45.026291+05:30	961	Captcha object (961)	1	[{"added": {}}]	14	3
963	2020-11-23 22:13:50.560496+05:30	962	Captcha object (962)	1	[{"added": {}}]	14	3
964	2020-11-23 22:13:56.193583+05:30	963	Captcha object (963)	1	[{"added": {}}]	14	3
965	2020-11-23 22:14:01.686791+05:30	964	Captcha object (964)	1	[{"added": {}}]	14	3
966	2020-11-23 22:14:07.342664+05:30	965	Captcha object (965)	1	[{"added": {}}]	14	3
967	2020-11-23 22:14:12.909832+05:30	966	Captcha object (966)	1	[{"added": {}}]	14	3
968	2020-11-23 22:14:18.535743+05:30	967	Captcha object (967)	1	[{"added": {}}]	14	3
969	2020-11-23 22:14:24.155145+05:30	968	Captcha object (968)	1	[{"added": {}}]	14	3
970	2020-11-23 22:14:29.732838+05:30	969	Captcha object (969)	1	[{"added": {}}]	14	3
971	2020-11-23 22:14:35.344051+05:30	970	Captcha object (970)	1	[{"added": {}}]	14	3
972	2020-11-23 22:14:40.899835+05:30	971	Captcha object (971)	1	[{"added": {}}]	14	3
973	2020-11-23 22:14:46.413133+05:30	972	Captcha object (972)	1	[{"added": {}}]	14	3
974	2020-11-23 22:14:52.040648+05:30	973	Captcha object (973)	1	[{"added": {}}]	14	3
975	2020-11-23 22:14:57.623336+05:30	974	Captcha object (974)	1	[{"added": {}}]	14	3
976	2020-11-23 22:15:03.234981+05:30	975	Captcha object (975)	1	[{"added": {}}]	14	3
977	2020-11-23 22:15:08.802474+05:30	976	Captcha object (976)	1	[{"added": {}}]	14	3
978	2020-11-23 22:15:14.304107+05:30	977	Captcha object (977)	1	[{"added": {}}]	14	3
979	2020-11-23 22:15:19.884291+05:30	978	Captcha object (978)	1	[{"added": {}}]	14	3
980	2020-11-23 22:15:25.485933+05:30	979	Captcha object (979)	1	[{"added": {}}]	14	3
981	2020-11-23 22:15:31.034604+05:30	980	Captcha object (980)	1	[{"added": {}}]	14	3
982	2020-11-23 22:15:36.592399+05:30	981	Captcha object (981)	1	[{"added": {}}]	14	3
983	2020-11-23 22:15:42.207866+05:30	982	Captcha object (982)	1	[{"added": {}}]	14	3
984	2020-11-23 22:15:47.759784+05:30	983	Captcha object (983)	1	[{"added": {}}]	14	3
985	2020-11-23 22:15:53.374676+05:30	984	Captcha object (984)	1	[{"added": {}}]	14	3
986	2020-11-23 22:15:58.939111+05:30	985	Captcha object (985)	1	[{"added": {}}]	14	3
987	2020-11-23 22:16:04.509217+05:30	986	Captcha object (986)	1	[{"added": {}}]	14	3
988	2020-11-23 22:16:10.000737+05:30	987	Captcha object (987)	1	[{"added": {}}]	14	3
989	2020-11-23 22:16:15.492232+05:30	988	Captcha object (988)	1	[{"added": {}}]	14	3
990	2020-11-23 22:16:21.004134+05:30	989	Captcha object (989)	1	[{"added": {}}]	14	3
991	2020-11-23 22:16:26.65387+05:30	990	Captcha object (990)	1	[{"added": {}}]	14	3
992	2020-11-23 22:16:32.210866+05:30	991	Captcha object (991)	1	[{"added": {}}]	14	3
993	2020-11-23 22:16:37.755814+05:30	992	Captcha object (992)	1	[{"added": {}}]	14	3
994	2020-11-23 22:16:43.409181+05:30	993	Captcha object (993)	1	[{"added": {}}]	14	3
995	2020-11-23 22:16:49.010651+05:30	994	Captcha object (994)	1	[{"added": {}}]	14	3
996	2020-11-23 22:16:54.615305+05:30	995	Captcha object (995)	1	[{"added": {}}]	14	3
997	2020-11-23 22:17:00.159869+05:30	996	Captcha object (996)	1	[{"added": {}}]	14	3
998	2020-11-23 22:17:05.736793+05:30	997	Captcha object (997)	1	[{"added": {}}]	14	3
999	2020-11-23 22:17:11.321249+05:30	998	Captcha object (998)	1	[{"added": {}}]	14	3
1000	2020-11-23 22:17:16.903114+05:30	999	Captcha object (999)	1	[{"added": {}}]	14	3
1001	2020-11-23 22:17:22.370321+05:30	1000	Captcha object (1000)	1	[{"added": {}}]	14	3
1002	2020-11-23 22:17:27.99912+05:30	1001	Captcha object (1001)	1	[{"added": {}}]	14	3
1003	2020-11-23 22:17:33.641539+05:30	1002	Captcha object (1002)	1	[{"added": {}}]	14	3
1004	2020-11-23 22:17:39.200772+05:30	1003	Captcha object (1003)	1	[{"added": {}}]	14	3
1005	2020-11-23 22:17:44.747244+05:30	1004	Captcha object (1004)	1	[{"added": {}}]	14	3
1006	2020-11-23 22:17:50.25929+05:30	1005	Captcha object (1005)	1	[{"added": {}}]	14	3
1007	2020-11-23 22:17:55.842861+05:30	1006	Captcha object (1006)	1	[{"added": {}}]	14	3
1008	2020-11-23 22:18:01.44737+05:30	1007	Captcha object (1007)	1	[{"added": {}}]	14	3
1009	2020-11-23 22:18:07.062509+05:30	1008	Captcha object (1008)	1	[{"added": {}}]	14	3
1010	2020-11-23 22:18:12.618875+05:30	1009	Captcha object (1009)	1	[{"added": {}}]	14	3
1011	2020-11-23 22:18:18.133752+05:30	1010	Captcha object (1010)	1	[{"added": {}}]	14	3
1012	2020-11-23 22:18:23.752951+05:30	1011	Captcha object (1011)	1	[{"added": {}}]	14	3
1013	2020-11-23 22:18:29.308473+05:30	1012	Captcha object (1012)	1	[{"added": {}}]	14	3
1014	2020-11-23 22:18:34.966888+05:30	1013	Captcha object (1013)	1	[{"added": {}}]	14	3
1015	2020-11-23 22:18:40.482896+05:30	1014	Captcha object (1014)	1	[{"added": {}}]	14	3
1016	2020-11-23 22:18:46.05328+05:30	1015	Captcha object (1015)	1	[{"added": {}}]	14	3
1017	2020-11-23 22:18:51.596382+05:30	1016	Captcha object (1016)	1	[{"added": {}}]	14	3
1018	2020-11-23 22:18:57.126577+05:30	1017	Captcha object (1017)	1	[{"added": {}}]	14	3
1019	2020-11-23 22:19:02.734551+05:30	1018	Captcha object (1018)	1	[{"added": {}}]	14	3
1020	2020-11-23 22:19:08.350581+05:30	1019	Captcha object (1019)	1	[{"added": {}}]	14	3
1021	2020-11-23 22:19:13.861389+05:30	1020	Captcha object (1020)	1	[{"added": {}}]	14	3
1022	2020-11-23 22:19:19.539684+05:30	1021	Captcha object (1021)	1	[{"added": {}}]	14	3
1023	2020-11-23 22:19:25.125811+05:30	1022	Captcha object (1022)	1	[{"added": {}}]	14	3
1024	2020-11-23 22:19:30.66606+05:30	1023	Captcha object (1023)	1	[{"added": {}}]	14	3
1025	2020-11-23 22:19:36.169374+05:30	1024	Captcha object (1024)	1	[{"added": {}}]	14	3
1026	2020-11-23 22:19:41.75229+05:30	1025	Captcha object (1025)	1	[{"added": {}}]	14	3
1027	2020-11-23 22:19:47.35652+05:30	1026	Captcha object (1026)	1	[{"added": {}}]	14	3
1028	2020-11-23 22:19:52.867245+05:30	1027	Captcha object (1027)	1	[{"added": {}}]	14	3
1029	2020-11-23 22:19:58.384934+05:30	1028	Captcha object (1028)	1	[{"added": {}}]	14	3
1030	2020-11-23 22:20:03.899686+05:30	1029	Captcha object (1029)	1	[{"added": {}}]	14	3
1031	2020-11-23 22:20:09.473968+05:30	1030	Captcha object (1030)	1	[{"added": {}}]	14	3
1032	2020-11-23 22:20:15.002805+05:30	1031	Captcha object (1031)	1	[{"added": {}}]	14	3
1033	2020-11-23 22:20:20.573389+05:30	1032	Captcha object (1032)	1	[{"added": {}}]	14	3
1034	2020-11-23 22:20:26.160084+05:30	1033	Captcha object (1033)	1	[{"added": {}}]	14	3
1035	2020-11-23 22:20:31.788763+05:30	1034	Captcha object (1034)	1	[{"added": {}}]	14	3
1036	2020-11-23 22:20:37.341657+05:30	1035	Captcha object (1035)	1	[{"added": {}}]	14	3
1037	2020-11-23 22:20:42.886455+05:30	1036	Captcha object (1036)	1	[{"added": {}}]	14	3
1038	2020-11-23 22:20:48.360749+05:30	1037	Captcha object (1037)	1	[{"added": {}}]	14	3
1039	2020-11-23 22:20:53.892167+05:30	1038	Captcha object (1038)	1	[{"added": {}}]	14	3
1040	2020-11-23 22:20:59.408406+05:30	1039	Captcha object (1039)	1	[{"added": {}}]	14	3
1041	2020-11-23 22:21:04.859735+05:30	1040	Captcha object (1040)	1	[{"added": {}}]	14	3
\.


--
-- Data for Name: django_content_type; Type: TABLE DATA; Schema: public; Owner: postgres
--

COPY public.django_content_type (id, app_label, model) FROM stdin;
1	home	qpuser
2	home	school
3	home	standard
4	home	section
5	home	quiz
6	home	multiplechoicequestion
7	admin	logentry
8	auth	permission
9	auth	group
10	contenttypes	contenttype
11	sessions	session
12	home	filesadmin
13	home	score
14	home	captcha
15	home	loggedinuser
\.


--
-- Data for Name: django_migrations; Type: TABLE DATA; Schema: public; Owner: postgres
--

COPY public.django_migrations (id, app, name, applied) FROM stdin;
1	contenttypes	0001_initial	2020-10-30 14:20:00.326134+05:30
2	contenttypes	0002_remove_content_type_name	2020-10-30 14:20:00.335134+05:30
3	auth	0001_initial	2020-10-30 14:20:00.369519+05:30
4	auth	0002_alter_permission_name_max_length	2020-10-30 14:20:00.397358+05:30
5	auth	0003_alter_user_email_max_length	2020-10-30 14:20:00.405371+05:30
6	auth	0004_alter_user_username_opts	2020-10-30 14:20:00.409325+05:30
7	auth	0005_alter_user_last_login_null	2020-10-30 14:20:00.413469+05:30
8	auth	0006_require_contenttypes_0002	2020-10-30 14:20:00.419453+05:30
9	auth	0007_alter_validators_add_error_messages	2020-10-30 14:20:00.424439+05:30
10	auth	0008_alter_user_username_max_length	2020-10-30 14:20:00.428428+05:30
11	auth	0009_alter_user_last_name_max_length	2020-10-30 14:20:00.436679+05:30
12	auth	0010_alter_group_name_max_length	2020-10-30 14:20:00.447679+05:30
13	auth	0011_update_proxy_permissions	2020-10-30 14:20:00.452679+05:30
14	auth	0012_alter_user_first_name_max_length	2020-10-30 14:20:00.463651+05:30
15	home	0001_initial	2020-10-30 14:20:00.564562+05:30
16	admin	0001_initial	2020-10-30 14:20:00.640386+05:30
17	admin	0002_logentry_remove_auto_add	2020-10-30 14:20:00.660087+05:30
18	admin	0003_logentry_add_action_flag_choices	2020-10-30 14:20:00.669044+05:30
19	sessions	0001_initial	2020-10-30 14:20:00.685002+05:30
20	home	0002_remove_quiz_quiz_id	2020-10-30 15:34:02.999514+05:30
21	home	0003_filesadmin	2020-11-09 18:35:05.296402+05:30
22	home	0004_delete_filesadmin	2020-11-09 18:58:46.936534+05:30
23	home	0005_score	2020-11-12 10:02:13.804734+05:30
24	home	0006_score_max_score	2020-11-12 10:06:34.520798+05:30
25	home	0007_multiplechoicequestion_is_multiple_choice	2020-11-16 17:47:19.489607+05:30
26	home	0008_auto_20201116_1857	2020-11-16 18:57:30.663779+05:30
27	home	0009_quiz_end_time	2020-11-16 23:35:53.136996+05:30
28	home	0010_captcha	2020-11-23 19:24:41.131712+05:30
29	home	0011_auto_20201123_1947	2020-11-23 19:47:20.566391+05:30
30	home	0012_auto_20201123_1949	2020-11-23 19:49:20.364687+05:30
31	home	0013_auto_20201130_1746	2020-11-30 17:46:24.058791+05:30
32	home	0014_loggedinuser	2020-12-23 16:00:39.288256+05:30
\.


--
-- Data for Name: django_session; Type: TABLE DATA; Schema: public; Owner: postgres
--

COPY public.django_session (session_key, session_data, expire_date) FROM stdin;
shhcuwqv3plu6u65whwvo7cs44alazkn	eyJjYXB0Y2hhIjo5Njd9:1ks2bi:KMCKnIOWHbtlUybJhSlUyEkT4VQRc4bhtmrjEyNipFk	2021-01-06 17:17:06.102902+05:30
0dai03d4htuzqi5dz5flko49e6yhr1v3	.eJxVjDsOwjAQRO-yNbLsdWKTlPScIVqvvTiAnCifCnF3sJQmU857Mx9gmjfOBH2jrxcYaN_ysK9pGcYIPaCBUxmIX6lUEp9UHpPiqWzLGFRV1EFXdZ9iet8O93SQac11LS1aciwmiEMy_7BD6TBYG7w4aVi3qF0Sr9HaRtBo01mJXrSPIcH3B-y0PAM:1ks2j2:6ISr54RlHkK2_WQbnABvxVT5ZBeT_geeMIoRQYZAKFA	2021-01-06 17:24:40.44572+05:30
t0i4yjq0ecjer2g6quwc0rbk3uzbjjx7	eyJjYXB0Y2hhIjo0MzJ9:1km91B:eDbw-mWWcikrU61ysuK15SxfhRylDJXQ2bXjGwarAw8	2020-12-21 10:55:01.391689+05:30
gt6qeblfntka2xusqqoheiy9me99ta17	.eJxVjMEOwiAQRP-FsyGw20Lq0bvfQHaBlaqhSWlPxn9Xkh50jvPezEsF2rcS9pbXMCd1VmDV6bdkio9cO0l3qrdFx6Vu68y6K_qgTV-XlJ-Xw_07KNRKX8sISC6KZXFA9pvoQCZgRPbiZIhmBOOyeAOIg4A1dkJJXoxPnNX7AwZdN-k:1kiHkY:WkU7WRFz3uMi_dFmhJcLGXOosPwPvLpziKboMvZPQsQ	2020-12-10 19:25:54.880993+05:30
2e4opz6qaffwi3j5qsux25qcj1yjp7ey	.eJxVjDsOwjAQBe_iGlnxZkkIJT1nsHaf1ziAEimfCnF3iJQC2jcz7-WirEuJ62xT7JM7OyJ3-B1V8LBhI-kuw230GIdl6tVvit_p7K9jsudld_8OiszlWzObgEFKDIhqnbQ7cm4ApjaQKVdoMgcSRhCrurYysKIO-SQZ7N4fMTc5Kw:1kiHmN:ipTZgOuhyPYmABflyNevaOy8AWDn50GhawnjiFFeoCg	2020-12-10 19:27:47.076154+05:30
nu39t16990af2olsdvkuh6uj3fkginu1	eyJjYXB0Y2hhIjo2NzB9:1ks1IV:8B9oN1D9iPs2tCPf8jXWn5VHWOPxH1hY4N9QQza4vt4	2021-01-06 15:53:11.253302+05:30
dkfx1my9o2kl1zx4bblws7h3y7fmqxki	.eJxVjEEOwiAQRe_C2hCQVsCl-56BDDODVA0kpV0Z7y5NutDte-__twiwrTlsjZcwk7gKI06_LAI-ueyCHlDuVWIt6zJHuSfysE1Olfh1O9q_gwwt9zX6wUZ39qNKiMkyx0Fdko8jge5Qa2-NMdqyRvIuQQfEnrRVzM4gic8X5-84Fg:1ks234:gnnBF2bwzJme8HwNMb_vtM6v3bNu4Bfvthoe_8yMZ_Y	2021-01-06 16:41:18.078215+05:30
\.


--
-- Data for Name: home_captcha; Type: TABLE DATA; Schema: public; Owner: postgres
--

COPY public.home_captcha (id, captcha_input, captcha_img) FROM stdin;
1	226md	captcha_images/img1.png
2	22d5n	captcha_images/img2.png
3	2356g	captcha_images/img3.png
4	23mdg	captcha_images/img4.png
5	23n88	captcha_images/img5.png
6	243mm	captcha_images/img6.png
7	244e2	captcha_images/img7.png
8	245y5	captcha_images/img8.png
9	24f6w	captcha_images/img9.png
10	24pew	captcha_images/img10.png
11	25257	captcha_images/img11.png
12	253dc	captcha_images/img12.png
13	25egp	captcha_images/img13.png
14	25m6p	captcha_images/img14.png
15	25p2m	captcha_images/img15.png
16	25w53	captcha_images/img16.png
17	264m5	captcha_images/img17.png
18	268g2	captcha_images/img18.png
19	28348	captcha_images/img19.png
20	28x47	captcha_images/img20.png
21	2b827	captcha_images/img21.png
22	2bg48	captcha_images/img22.png
23	2cegf	captcha_images/img23.png
24	2cg58	captcha_images/img24.png
25	2cgyx	captcha_images/img25.png
26	2en7g	captcha_images/img26.png
27	2enf4	captcha_images/img27.png
28	2fxgd	captcha_images/img28.png
29	2g783	captcha_images/img29.png
30	2g7nm	captcha_images/img30.png
31	2gyb6	captcha_images/img31.png
32	2mg87	captcha_images/img32.png
33	2mpnn	captcha_images/img33.png
34	2n73f	captcha_images/img34.png
35	2nbc5	captcha_images/img35.png
36	2nbcx	captcha_images/img36.png
37	2nf26	captcha_images/img37.png
38	2npg6	captcha_images/img38.png
39	2nx38	captcha_images/img39.png
40	2p2y8	captcha_images/img40.png
41	2pfpn	captcha_images/img41.png
42	2w4y7	captcha_images/img42.png
43	2wc38	captcha_images/img43.png
44	2wx73	captcha_images/img44.png
45	2x7bm	captcha_images/img45.png
46	2xc2n	captcha_images/img46.png
47	2ycn8	captcha_images/img47.png
48	2yggg	captcha_images/img48.png
49	325fb	captcha_images/img49.png
50	32cnn	captcha_images/img50.png
51	32dnn	captcha_images/img51.png
52	33b22	captcha_images/img52.png
53	33f7m	captcha_images/img53.png
54	33n73	captcha_images/img54.png
55	33ng4	captcha_images/img55.png
56	33p4e	captcha_images/img56.png
57	34b84	captcha_images/img57.png
58	34fxm	captcha_images/img58.png
59	34pcn	captcha_images/img59.png
60	368y5	captcha_images/img60.png
61	36bc2	captcha_images/img61.png
62	36nx4	captcha_images/img62.png
63	36w25	captcha_images/img63.png
64	373gb	captcha_images/img64.png
65	377xx	captcha_images/img65.png
66	378e5	captcha_images/img66.png
67	37d52	captcha_images/img67.png
68	37ep6	captcha_images/img68.png
69	387g2	captcha_images/img69.png
70	38n57	captcha_images/img70.png
71	3b4we	captcha_images/img71.png
72	3bd8f	captcha_images/img72.png
73	3bfnd	captcha_images/img73.png
74	3bnyf	captcha_images/img74.png
75	3bx86	captcha_images/img75.png
76	3c7de	captcha_images/img76.png
77	3cpwb	captcha_images/img77.png
78	3d7bd	captcha_images/img78.png
79	3den6	captcha_images/img79.png
80	3dgmf	captcha_images/img80.png
81	3ebnn	captcha_images/img81.png
82	3ebpw	captcha_images/img82.png
83	3eny7	captcha_images/img83.png
84	3fbxd	captcha_images/img84.png
85	3g2w6	captcha_images/img85.png
86	3mxdn	captcha_images/img86.png
87	3n2b4	captcha_images/img87.png
88	3n3cf	captcha_images/img88.png
89	3n7mx	captcha_images/img89.png
90	3ndxd	captcha_images/img90.png
91	3nfdn	captcha_images/img91.png
92	3nnpw	captcha_images/img92.png
93	3nw7w	captcha_images/img93.png
94	3ny45	captcha_images/img94.png
95	3p4nn	captcha_images/img95.png
96	3p67n	captcha_images/img96.png
97	3pe4g	captcha_images/img97.png
98	3w2bw	captcha_images/img98.png
99	3wnd3	captcha_images/img99.png
100	3x325	captcha_images/img100.png
101	3x5fm	captcha_images/img101.png
102	3xcgg	captcha_images/img102.png
103	3xng6	captcha_images/img103.png
104	3ye2e	captcha_images/img104.png
105	3ygde	captcha_images/img105.png
106	3ym7f	captcha_images/img106.png
107	428b6	captcha_images/img107.png
108	42dw4	captcha_images/img108.png
109	42nxy	captcha_images/img109.png
110	42xpy	captcha_images/img110.png
111	43gey	captcha_images/img111.png
112	43mn5	captcha_images/img112.png
113	43p5d	captcha_images/img113.png
114	43xfe	captcha_images/img114.png
115	4433m	captcha_images/img115.png
116	445cc	captcha_images/img116.png
117	44c22	captcha_images/img117.png
118	44fyb	captcha_images/img118.png
119	44xe8	captcha_images/img119.png
120	44ype	captcha_images/img120.png
121	467d5	captcha_images/img121.png
122	46mbm	captcha_images/img122.png
123	4743p	captcha_images/img123.png
124	474ff	captcha_images/img124.png
125	478nx	captcha_images/img125.png
126	47e4p	captcha_images/img126.png
127	47m2b	captcha_images/img127.png
128	488de	captcha_images/img128.png
129	4b2pw	captcha_images/img129.png
130	4c8n8	captcha_images/img130.png
131	4cfw8	captcha_images/img131.png
132	4cn7b	captcha_images/img132.png
133	4d22m	captcha_images/img133.png
134	4dgf7	captcha_images/img134.png
135	4dw3w	captcha_images/img135.png
136	4egem	captcha_images/img136.png
137	4exnn	captcha_images/img137.png
138	4f8yp	captcha_images/img138.png
139	4fc36	captcha_images/img139.png
140	4fp5g	captcha_images/img140.png
141	4gb3f	captcha_images/img141.png
142	4gycb	captcha_images/img142.png
143	4m2w5	captcha_images/img143.png
144	4n2yg	captcha_images/img144.png
145	4n3mn	captcha_images/img145.png
146	4nc37	captcha_images/img146.png
147	4nnf3	captcha_images/img147.png
148	4w6mw	captcha_images/img148.png
149	4w76g	captcha_images/img149.png
150	4yc85	captcha_images/img150.png
151	4ycex	captcha_images/img151.png
152	4ynf3	captcha_images/img152.png
153	52447	captcha_images/img153.png
154	5325m	captcha_images/img154.png
155	537nf	captcha_images/img155.png
156	53mn8	captcha_images/img156.png
157	53wb8	captcha_images/img157.png
158	53wp3	captcha_images/img158.png
159	556wd	captcha_images/img159.png
160	55w5c	captcha_images/img160.png
161	55y2m	captcha_images/img161.png
162	56c34	captcha_images/img162.png
163	56m6y	captcha_images/img163.png
164	56ncx	captcha_images/img164.png
165	573bn	captcha_images/img165.png
166	573d8	captcha_images/img166.png
167	574d7	captcha_images/img167.png
168	57b27	captcha_images/img168.png
169	57gnx	captcha_images/img169.png
170	57wdp	captcha_images/img170.png
171	58b5m	captcha_images/img171.png
172	58pnp	captcha_images/img172.png
173	5bb66	captcha_images/img173.png
174	5bg8f	captcha_images/img174.png
175	5bgp2	captcha_images/img175.png
176	5bnd7	captcha_images/img176.png
177	5dxnm	captcha_images/img177.png
178	5ep3n	captcha_images/img178.png
179	5expp	captcha_images/img179.png
180	5f3gf	captcha_images/img180.png
181	5fyem	captcha_images/img181.png
182	5g5e5	captcha_images/img182.png
183	5gcd3	captcha_images/img183.png
184	5mcy7	captcha_images/img184.png
185	5mf7c	captcha_images/img185.png
186	5mfff	captcha_images/img186.png
187	5mgn4	captcha_images/img187.png
188	5mnpd	captcha_images/img188.png
189	5n245	captcha_images/img189.png
190	5n3w4	captcha_images/img190.png
191	5n728	captcha_images/img191.png
192	5n732	captcha_images/img192.png
193	5ng6e	captcha_images/img193.png
194	5nggg	captcha_images/img194.png
195	5nm6d	captcha_images/img195.png
196	5nnff	captcha_images/img196.png
197	5np4m	captcha_images/img197.png
198	5npdn	captcha_images/img198.png
199	5nxnn	captcha_images/img199.png
200	5p3mm	captcha_images/img200.png
201	5p8fm	captcha_images/img201.png
202	5pm6b	captcha_images/img202.png
203	5wddw	captcha_images/img203.png
204	5x5nx	captcha_images/img204.png
205	5x7x5	captcha_images/img205.png
206	5xd2e	captcha_images/img206.png
207	5xwcg	captcha_images/img207.png
208	5ywwf	captcha_images/img208.png
209	5yxgp	captcha_images/img209.png
210	62fgn	captcha_images/img210.png
211	62nb3	captcha_images/img211.png
212	63824	captcha_images/img212.png
213	63pxe	captcha_images/img213.png
214	646x8	captcha_images/img214.png
215	64b3p	captcha_images/img215.png
216	64m82	captcha_images/img216.png
217	658xe	captcha_images/img217.png
218	65ebm	captcha_images/img218.png
219	65m85	captcha_images/img219.png
220	65nmw	captcha_images/img220.png
221	662bw	captcha_images/img221.png
222	664dn	captcha_images/img222.png
223	664nf	captcha_images/img223.png
224	66wp5	captcha_images/img224.png
225	675p3	captcha_images/img225.png
226	677g3	captcha_images/img226.png
227	678w3	captcha_images/img227.png
228	67dey	captcha_images/img228.png
229	6825y	captcha_images/img229.png
230	68wfd	captcha_images/img230.png
231	68x48	captcha_images/img231.png
232	6b46g	captcha_images/img232.png
233	6b4w6	captcha_images/img233.png
234	6bdn5	captcha_images/img234.png
235	6bnnm	captcha_images/img235.png
236	6bxwg	captcha_images/img236.png
237	6c3n6	captcha_images/img237.png
238	6c3p5	captcha_images/img238.png
239	6cm6m	captcha_images/img239.png
240	6cwxe	captcha_images/img240.png
241	6dd2y	captcha_images/img241.png
242	6dmx7	captcha_images/img242.png
243	6e2dg	captcha_images/img243.png
244	6e554	captcha_images/img244.png
245	6e6pn	captcha_images/img245.png
246	6ecbn	captcha_images/img246.png
247	6end3	captcha_images/img247.png
248	6f2yc	captcha_images/img248.png
249	6f857	captcha_images/img249.png
250	6fg8c	captcha_images/img250.png
251	6fgdw	captcha_images/img251.png
252	6fn84	captcha_images/img252.png
253	6g45w	captcha_images/img253.png
254	6ge3p	captcha_images/img254.png
255	6gnm3	captcha_images/img255.png
256	6m5eg	captcha_images/img256.png
257	6mege	captcha_images/img257.png
258	6mn8n	captcha_images/img258.png
259	6mygb	captcha_images/img259.png
260	6n443	captcha_images/img260.png
261	6n5fd	captcha_images/img261.png
262	6n6gg	captcha_images/img262.png
263	6ng6n	captcha_images/img263.png
264	6ng6w	captcha_images/img264.png
265	6p2ge	captcha_images/img265.png
266	6p7gx	captcha_images/img266.png
267	6pfy4	captcha_images/img267.png
268	6pwcn	captcha_images/img268.png
269	6wb76	captcha_images/img269.png
270	6wg4n	captcha_images/img270.png
271	6wnyc	captcha_images/img271.png
272	6xen4	captcha_images/img272.png
273	6xpme	captcha_images/img273.png
274	6xxdx	captcha_images/img274.png
275	6ydyp	captcha_images/img275.png
276	728n8	captcha_images/img276.png
277	72m6f	captcha_images/img277.png
278	73mnx	captcha_images/img278.png
279	74853	captcha_images/img279.png
280	74eyg	captcha_images/img280.png
281	75pfw	captcha_images/img281.png
282	7634y	captcha_images/img282.png
283	76353	captcha_images/img283.png
284	76n7p	captcha_images/img284.png
285	76nxn	captcha_images/img285.png
286	76y6f	captcha_images/img286.png
287	77387	captcha_images/img287.png
288	77n6g	captcha_images/img288.png
289	77wp4	captcha_images/img289.png
290	785n4	captcha_images/img290.png
291	78dw6	captcha_images/img291.png
292	78eec	captcha_images/img292.png
293	7b4bm	captcha_images/img293.png
294	7bb7b	captcha_images/img294.png
295	7bwm2	captcha_images/img295.png
296	7cdge	captcha_images/img296.png
297	7cgym	captcha_images/img297.png
298	7d44m	captcha_images/img298.png
299	7dgc2	captcha_images/img299.png
300	7dwx4	captcha_images/img300.png
301	7dxbd	captcha_images/img301.png
302	7dyww	captcha_images/img302.png
303	7e2y7	captcha_images/img303.png
304	7f8b3	captcha_images/img304.png
305	7fde7	captcha_images/img305.png
306	7fmcy	captcha_images/img306.png
307	7g3nf	captcha_images/img307.png
308	7gce6	captcha_images/img308.png
309	7gmf3	captcha_images/img309.png
310	7gnge	captcha_images/img310.png
311	7gp47	captcha_images/img311.png
312	7m8px	captcha_images/img312.png
313	7mgmf	captcha_images/img313.png
314	7nnnx	captcha_images/img314.png
315	7p852	captcha_images/img315.png
316	7pcd7	captcha_images/img316.png
317	7pn5g	captcha_images/img317.png
318	7w67m	captcha_images/img318.png
319	7wn74	captcha_images/img319.png
320	7wnpm	captcha_images/img320.png
321	7wyp4	captcha_images/img321.png
322	7xcyd	captcha_images/img322.png
323	7xd5m	captcha_images/img323.png
324	7y2x4	captcha_images/img324.png
325	7yf62	captcha_images/img325.png
326	823p2	captcha_images/img326.png
327	82fx2	captcha_images/img327.png
328	832f3	captcha_images/img328.png
329	84py4	captcha_images/img329.png
330	84w7x	captcha_images/img330.png
331	85622	captcha_images/img331.png
332	85dxn	captcha_images/img332.png
333	85pew	captcha_images/img333.png
334	865wm	captcha_images/img334.png
335	8684m	captcha_images/img335.png
336	87d4c	captcha_images/img336.png
337	87nym	captcha_images/img337.png
338	88bgx	captcha_images/img338.png
339	88y52	captcha_images/img339.png
340	8b735	captcha_images/img340.png
341	8bbm4	captcha_images/img341.png
342	8bbw8	captcha_images/img342.png
343	8c23f	captcha_images/img343.png
344	8c2wy	captcha_images/img344.png
345	8cccc	captcha_images/img345.png
346	8cm46	captcha_images/img346.png
347	8d2nd	captcha_images/img347.png
348	8d4wm	captcha_images/img348.png
349	8d8ep	captcha_images/img349.png
350	8db67	captcha_images/img350.png
351	8e32m	captcha_images/img351.png
352	8eggg	captcha_images/img352.png
353	8fexn	captcha_images/img353.png
354	8g4yp	captcha_images/img354.png
355	8gecm	captcha_images/img355.png
356	8gf7n	captcha_images/img356.png
357	8gmc4	captcha_images/img357.png
358	8gmnx	captcha_images/img358.png
359	8n2pg	captcha_images/img359.png
360	8n34n	captcha_images/img360.png
361	8n4n8	captcha_images/img361.png
362	8n56m	captcha_images/img362.png
363	8n5p3	captcha_images/img363.png
364	8n5pn	captcha_images/img364.png
365	8n62n	captcha_images/img365.png
366	8n65n	captcha_images/img366.png
367	8nbew	captcha_images/img367.png
368	8ne4g	captcha_images/img368.png
369	8nn73	captcha_images/img369.png
370	8np22	captcha_images/img370.png
371	8npd5	captcha_images/img371.png
372	8npe3	captcha_images/img372.png
373	8pfxx	captcha_images/img373.png
374	8w754	captcha_images/img374.png
375	8w875	captcha_images/img375.png
376	8wy7d	captcha_images/img376.png
377	8xef7	captcha_images/img377.png
378	8y63f	captcha_images/img378.png
379	8y6b3	captcha_images/img379.png
380	8ypdn	captcha_images/img380.png
381	b26nd	captcha_images/img381.png
382	b28g8	captcha_images/img382.png
383	b2g8e	captcha_images/img383.png
384	b2nen	captcha_images/img384.png
385	b35f6	captcha_images/img385.png
386	b3xpn	captcha_images/img386.png
387	b43nw	captcha_images/img387.png
388	b4d7c	captcha_images/img388.png
389	b4ncn	captcha_images/img389.png
390	b4ndb	captcha_images/img390.png
391	b4y5x	captcha_images/img391.png
392	b55d6	captcha_images/img392.png
393	b5dn4	captcha_images/img393.png
394	b5fm7	captcha_images/img394.png
395	b5nmm	captcha_images/img395.png
396	b5pnn	captcha_images/img396.png
397	b685n	captcha_images/img397.png
398	b6f2p	captcha_images/img398.png
399	b84xc	captcha_images/img399.png
400	bbymy	captcha_images/img400.png
401	bc8nf	captcha_images/img401.png
402	bcwnn	captcha_images/img402.png
403	bd3b7	captcha_images/img403.png
404	bdbb3	captcha_images/img404.png
405	bdg84	captcha_images/img405.png
406	be3bp	captcha_images/img406.png
407	be6np	captcha_images/img407.png
408	befbd	captcha_images/img408.png
409	bf52c	captcha_images/img409.png
410	bgb48	captcha_images/img410.png
411	bgd4m	captcha_images/img411.png
412	bgem5	captcha_images/img412.png
413	bgxcd	captcha_images/img413.png
414	bm3p8	captcha_images/img414.png
415	bmxpe	captcha_images/img415.png
416	bn5mw	captcha_images/img416.png
417	bnc2f	captcha_images/img417.png
418	bnc5f	captcha_images/img418.png
419	bny23	captcha_images/img419.png
420	bny4w	captcha_images/img420.png
421	bp2d4	captcha_images/img421.png
422	bp6mw	captcha_images/img422.png
423	bpwd7	captcha_images/img423.png
424	bw44w	captcha_images/img424.png
425	bw5nf	captcha_images/img425.png
426	bw5ym	captcha_images/img426.png
427	bw6n6	captcha_images/img427.png
428	bwmee	captcha_images/img428.png
429	bx5ed	captcha_images/img429.png
430	bxxfc	captcha_images/img430.png
431	by5y3	captcha_images/img431.png
432	byc82	captcha_images/img432.png
433	byfgn	captcha_images/img433.png
434	c2fb7	captcha_images/img434.png
435	c2g4d	captcha_images/img435.png
436	c2pg6	captcha_images/img436.png
437	c2yn8	captcha_images/img437.png
438	c353e	captcha_images/img438.png
439	c3572	captcha_images/img439.png
440	c3n8x	captcha_images/img440.png
441	c43b4	captcha_images/img441.png
442	c4527	captcha_images/img442.png
443	c482b	captcha_images/img443.png
444	c4bgd	captcha_images/img444.png
445	c4bny	captcha_images/img445.png
446	c4mcm	captcha_images/img446.png
447	c55c6	captcha_images/img447.png
448	c5xne	captcha_images/img448.png
449	c6745	captcha_images/img449.png
450	c6f8g	captcha_images/img450.png
451	c6we6	captcha_images/img451.png
452	c753e	captcha_images/img452.png
453	c7gb3	captcha_images/img453.png
454	c7nn8	captcha_images/img454.png
455	c86md	captcha_images/img455.png
456	c8fxy	captcha_images/img456.png
457	c8n8c	captcha_images/img457.png
458	cb8cf	captcha_images/img458.png
459	cc845	captcha_images/img459.png
460	ccf2w	captcha_images/img460.png
461	ccn2x	captcha_images/img461.png
462	cd4eg	captcha_images/img462.png
463	cd6p4	captcha_images/img463.png
464	cdcb3	captcha_images/img464.png
465	cdf77	captcha_images/img465.png
466	cdfen	captcha_images/img466.png
467	cdmn8	captcha_images/img467.png
468	cen55	captcha_images/img468.png
469	cewnm	captcha_images/img469.png
470	cfc2y	captcha_images/img470.png
471	cfc56	captcha_images/img471.png
472	cffp4	captcha_images/img472.png
473	cfn53	captcha_images/img473.png
474	cfp86	captcha_images/img474.png
475	cfw6e	captcha_images/img475.png
476	cg5dd	captcha_images/img476.png
477	cgcgb	captcha_images/img477.png
478	cm6yb	captcha_images/img478.png
479	cndmc	captcha_images/img479.png
480	cnex4	captcha_images/img480.png
481	cnmnn	captcha_images/img481.png
482	cnwyc	captcha_images/img482.png
483	cpc8c	captcha_images/img483.png
484	cpe63	captcha_images/img484.png
485	cwdnx	captcha_images/img485.png
486	cwgyx	captcha_images/img486.png
487	cwmny	captcha_images/img487.png
488	cx3wg	captcha_images/img488.png
489	cy3nw	captcha_images/img489.png
490	d22bd	captcha_images/img490.png
491	d22n7	captcha_images/img491.png
492	d22y5	captcha_images/img492.png
493	d236n	captcha_images/img493.png
494	d2n8x	captcha_images/img494.png
495	d2nbn	captcha_images/img495.png
496	d2ycw	captcha_images/img496.png
497	d378n	captcha_images/img497.png
498	d3c7y	captcha_images/img498.png
499	d3c8y	captcha_images/img499.png
500	d3ycn	captcha_images/img500.png
501	d4n82	captcha_images/img501.png
502	d4ppy	captcha_images/img502.png
503	d666m	captcha_images/img503.png
504	d66cn	captcha_images/img504.png
505	d6fcn	captcha_images/img505.png
506	d75b5	captcha_images/img506.png
507	d7c5x	captcha_images/img507.png
508	d7en3	captcha_images/img508.png
509	d7nn3	captcha_images/img509.png
510	d8dce	captcha_images/img510.png
511	d8xcn	captcha_images/img511.png
512	dbex3	captcha_images/img512.png
513	dbfen	captcha_images/img513.png
514	dbny3	captcha_images/img514.png
515	dbpcd	captcha_images/img515.png
516	dc436	captcha_images/img516.png
517	dce8y	captcha_images/img517.png
518	dcnp8	captcha_images/img518.png
519	dd5w5	captcha_images/img519.png
520	dd764	captcha_images/img520.png
521	ddcdd	captcha_images/img521.png
522	ddcne	captcha_images/img522.png
523	ddmyg	captcha_images/img523.png
524	ddnpf	captcha_images/img524.png
525	ddpyb	captcha_images/img525.png
526	ddxpp	captcha_images/img526.png
527	de45x	captcha_images/img527.png
528	de7f8	captcha_images/img528.png
529	deep5	captcha_images/img529.png
530	defyx	captcha_images/img530.png
531	deneb	captcha_images/img531.png
532	dfnx4	captcha_images/img532.png
533	dgcm4	captcha_images/img533.png
534	dmw8n	captcha_images/img534.png
535	dmx8p	captcha_images/img535.png
536	dmxp8	captcha_images/img536.png
537	dn26n	captcha_images/img537.png
538	dn2ym	captcha_images/img538.png
539	dn5df	captcha_images/img539.png
540	dnmd8	captcha_images/img540.png
541	dnne7	captcha_images/img541.png
542	dnxdp	captcha_images/img542.png
543	dpbyd	captcha_images/img543.png
544	dw3nn	captcha_images/img544.png
545	dw6mn	captcha_images/img545.png
546	dw8d3	captcha_images/img546.png
547	dxwcw	captcha_images/img547.png
548	dy3cx	captcha_images/img548.png
549	dyp7n	captcha_images/img549.png
550	dyxnc	captcha_images/img550.png
551	e25xg	captcha_images/img551.png
552	e2d66	captcha_images/img552.png
553	e2mg2	captcha_images/img553.png
554	e3cfe	captcha_images/img554.png
555	e3ndn	captcha_images/img555.png
556	e43ym	captcha_images/img556.png
557	e46pd	captcha_images/img557.png
558	e46yw	captcha_images/img558.png
559	e4gd7	captcha_images/img559.png
560	e5n66	captcha_images/img560.png
561	e667x	captcha_images/img561.png
562	e6b7y	captcha_images/img562.png
563	e6m6p	captcha_images/img563.png
564	e72cd	captcha_images/img564.png
565	e76n4	captcha_images/img565.png
566	e7nx4	captcha_images/img566.png
567	e7x45	captcha_images/img567.png
568	e84n2	captcha_images/img568.png
569	e8dxn	captcha_images/img569.png
570	e8e5e	captcha_images/img570.png
571	ebcbx	captcha_images/img571.png
572	ec6pm	captcha_images/img572.png
573	ecd4w	captcha_images/img573.png
574	edg3p	captcha_images/img574.png
575	edwny	captcha_images/img575.png
576	ee8fg	captcha_images/img576.png
577	een23	captcha_images/img577.png
578	ef4mn	captcha_images/img578.png
579	ef4np	captcha_images/img579.png
580	efb3f	captcha_images/img580.png
581	efe62	captcha_images/img581.png
582	efg72	captcha_images/img582.png
583	efgx5	captcha_images/img583.png
584	efx34	captcha_images/img584.png
585	egxmp	captcha_images/img585.png
586	emwpn	captcha_images/img586.png
587	en32e	captcha_images/img587.png
588	en4n4	captcha_images/img588.png
589	eng53	captcha_images/img589.png
590	enn7n	captcha_images/img590.png
591	ennmm	captcha_images/img591.png
592	enpw2	captcha_images/img592.png
593	ep85x	captcha_images/img593.png
594	eppg3	captcha_images/img594.png
595	ewcf5	captcha_images/img595.png
596	ewnx8	captcha_images/img596.png
597	ewyg7	captcha_images/img597.png
598	excmn	captcha_images/img598.png
599	exycn	captcha_images/img599.png
600	f228n	captcha_images/img600.png
601	f22bn	captcha_images/img601.png
602	f2fge	captcha_images/img602.png
603	f2m8n	captcha_images/img603.png
604	f35xp	captcha_images/img604.png
605	f364x	captcha_images/img605.png
606	f4fn2	captcha_images/img606.png
607	f4wfn	captcha_images/img607.png
608	f5cm2	captcha_images/img608.png
609	f5e5e	captcha_images/img609.png
610	f6bpw	captcha_images/img610.png
611	f6ne5	captcha_images/img611.png
612	f6ww8	captcha_images/img612.png
613	f74x3	captcha_images/img613.png
614	f753f	captcha_images/img614.png
615	f75cx	captcha_images/img615.png
616	f7cey	captcha_images/img616.png
617	f83pn	captcha_images/img617.png
618	f858x	captcha_images/img618.png
619	f85y3	captcha_images/img619.png
620	f8f8g	captcha_images/img620.png
621	fbp2c	captcha_images/img621.png
622	fc2ff	captcha_images/img622.png
623	fc6xb	captcha_images/img623.png
624	fcey3	captcha_images/img624.png
625	fcmem	captcha_images/img625.png
626	fcne6	captcha_images/img626.png
627	fdpgd	captcha_images/img627.png
628	feyc8	captcha_images/img628.png
629	ffd6p	captcha_images/img629.png
630	ffnxn	captcha_images/img630.png
631	ffpxf	captcha_images/img631.png
632	fg38b	captcha_images/img632.png
633	fg7mg	captcha_images/img633.png
634	fg8n4	captcha_images/img634.png
635	fgb36	captcha_images/img635.png
636	fnbfw	captcha_images/img636.png
637	fncnb	captcha_images/img637.png
638	fp382	captcha_images/img638.png
639	fp3wy	captcha_images/img639.png
640	fp5wn	captcha_images/img640.png
641	fp762	captcha_images/img641.png
642	fpw76	captcha_images/img642.png
643	fw3b2	captcha_images/img643.png
644	fwxdp	captcha_images/img644.png
645	fxpw3	captcha_images/img645.png
646	fy2nd	captcha_images/img646.png
647	fyfbn	captcha_images/img647.png
648	fywb8	captcha_images/img648.png
649	g247w	captcha_images/img649.png
650	g2577	captcha_images/img650.png
651	g2fnw	captcha_images/img651.png
652	g3dy6	captcha_images/img652.png
653	g3ex3	captcha_images/img653.png
654	g55b4	captcha_images/img654.png
655	g6n7x	captcha_images/img655.png
656	g78gn	captcha_images/img656.png
657	g7fmc	captcha_images/img657.png
658	g7gnf	captcha_images/img658.png
659	g7wxw	captcha_images/img659.png
660	g842c	captcha_images/img660.png
661	g888x	captcha_images/img661.png
662	g8gnd	captcha_images/img662.png
663	gbxyy	captcha_images/img663.png
664	gc277	captcha_images/img664.png
665	gc2wd	captcha_images/img665.png
666	gc83b	captcha_images/img666.png
667	gcfgp	captcha_images/img667.png
668	gcx6f	captcha_images/img668.png
669	gd4mf	captcha_images/img669.png
670	gd8fb	captcha_images/img670.png
671	gdng3	captcha_images/img671.png
672	gecmf	captcha_images/img672.png
673	gegw4	captcha_images/img673.png
674	gewfy	captcha_images/img674.png
675	geyn5	captcha_images/img675.png
676	gf2g4	captcha_images/img676.png
677	gfbx6	captcha_images/img677.png
678	gfp54	captcha_images/img678.png
679	gfxcc	captcha_images/img679.png
680	ggd7m	captcha_images/img680.png
681	gm2c2	captcha_images/img681.png
682	gm6nn	captcha_images/img682.png
683	gm7n8	captcha_images/img683.png
684	gmmne	captcha_images/img684.png
685	gn2d3	captcha_images/img685.png
686	gn2xy	captcha_images/img686.png
687	gnbde	captcha_images/img687.png
688	gnbn4	captcha_images/img688.png
689	gnc3n	captcha_images/img689.png
690	gnf85	captcha_images/img690.png
691	gng6e	captcha_images/img691.png
692	gny6b	captcha_images/img692.png
693	gp22x	captcha_images/img693.png
694	gp7c5	captcha_images/img694.png
695	gpnxn	captcha_images/img695.png
696	gpxng	captcha_images/img696.png
697	gw468	captcha_images/img697.png
698	gw53m	captcha_images/img698.png
699	gwn53	captcha_images/img699.png
700	gwnm6	captcha_images/img700.png
701	gxx2p	captcha_images/img701.png
702	gxxpf	captcha_images/img702.png
703	gy433	captcha_images/img703.png
704	gy5bf	captcha_images/img704.png
705	gy8xb	captcha_images/img705.png
706	gymmn	captcha_images/img706.png
707	m22e3	captcha_images/img707.png
708	m23bp	captcha_images/img708.png
709	m2576	captcha_images/img709.png
710	m2nf4	captcha_images/img710.png
711	m3588	captcha_images/img711.png
712	m3b5p	captcha_images/img712.png
713	m3wfw	captcha_images/img713.png
714	m448b	captcha_images/img714.png
715	m457d	captcha_images/img715.png
716	m4fd8	captcha_images/img716.png
717	m4g8g	captcha_images/img717.png
718	m5meg	captcha_images/img718.png
719	m5ym2	captcha_images/img719.png
720	m67b3	captcha_images/img720.png
721	m6n4x	captcha_images/img721.png
722	m74dm	captcha_images/img722.png
723	m75bf	captcha_images/img723.png
724	m8gmx	captcha_images/img724.png
725	m8m4x	captcha_images/img725.png
726	mb4en	captcha_images/img726.png
727	mbf58	captcha_images/img727.png
728	mbp2y	captcha_images/img728.png
729	mc35n	captcha_images/img729.png
730	mc8w2	captcha_images/img730.png
731	mcc2x	captcha_images/img731.png
732	mcg43	captcha_images/img732.png
733	mcyfx	captcha_images/img733.png
734	md344	captcha_images/img734.png
735	mddgb	captcha_images/img735.png
736	mdxpn	captcha_images/img736.png
737	mdyp7	captcha_images/img737.png
738	men4f	captcha_images/img738.png
739	mfb3x	captcha_images/img739.png
740	mfc35	captcha_images/img740.png
741	mg5nn	captcha_images/img741.png
742	mgdwb	captcha_images/img742.png
743	mggce	captcha_images/img743.png
744	mgw3n	captcha_images/img744.png
745	mm3nn	captcha_images/img745.png
746	mmc5n	captcha_images/img746.png
747	mmfm6	captcha_images/img747.png
748	mmg2m	captcha_images/img748.png
749	mmg38	captcha_images/img749.png
750	mmy5n	captcha_images/img750.png
751	mn5c4	captcha_images/img751.png
752	mnef5	captcha_images/img752.png
753	mp7wp	captcha_images/img753.png
754	mpmy5	captcha_images/img754.png
755	mpxfb	captcha_images/img755.png
756	mw5p2	captcha_images/img756.png
757	mwdf6	captcha_images/img757.png
758	mwxwp	captcha_images/img758.png
759	mx8bb	captcha_images/img759.png
760	mxnw4	captcha_images/img760.png
761	mxyxw	captcha_images/img761.png
762	my84e	captcha_images/img762.png
763	myc3c	captcha_images/img763.png
764	mye68	captcha_images/img764.png
765	myf82	captcha_images/img765.png
766	n265y	captcha_images/img766.png
767	n2by7	captcha_images/img767.png
768	n2c85	captcha_images/img768.png
769	n2gmg	captcha_images/img769.png
770	n336e	captcha_images/img770.png
771	n373n	captcha_images/img771.png
772	n3bm6	captcha_images/img772.png
773	n3ffn	captcha_images/img773.png
774	n3m6x	captcha_images/img774.png
775	n3x4c	captcha_images/img775.png
776	n3xfg	captcha_images/img776.png
777	n464c	captcha_images/img777.png
778	n4b4m	captcha_images/img778.png
779	n4cpy	captcha_images/img779.png
780	n4wwn	captcha_images/img780.png
781	n4xx5	captcha_images/img781.png
782	n5cm7	captcha_images/img782.png
783	n5n8b	captcha_images/img783.png
784	n5w5g	captcha_images/img784.png
785	n5wbg	captcha_images/img785.png
786	n5x2n	captcha_images/img786.png
787	n6f4b	captcha_images/img787.png
788	n6nn2	captcha_images/img788.png
789	n6xc5	captcha_images/img789.png
790	n7dyb	captcha_images/img790.png
791	n7ebx	captcha_images/img791.png
792	n7enn	captcha_images/img792.png
793	n7ff2	captcha_images/img793.png
794	n7g4f	captcha_images/img794.png
795	n7meb	captcha_images/img795.png
796	n8fp6	captcha_images/img796.png
797	n8pfe	captcha_images/img797.png
798	n8wxm	captcha_images/img798.png
799	n8ydd	captcha_images/img799.png
800	nb267	captcha_images/img800.png
801	nb45d	captcha_images/img801.png
802	nbcgb	captcha_images/img802.png
803	nbf8m	captcha_images/img803.png
804	nbfx5	captcha_images/img804.png
805	nbmx7	captcha_images/img805.png
806	nbp3e	captcha_images/img806.png
807	nbwnn	captcha_images/img807.png
808	nbwpn	captcha_images/img808.png
809	nc4yg	captcha_images/img809.png
810	ncfgb	captcha_images/img810.png
811	ncw4g	captcha_images/img811.png
812	ncww7	captcha_images/img812.png
813	ncyx8	captcha_images/img813.png
814	nd5wg	captcha_images/img814.png
815	ndecc	captcha_images/img815.png
816	ndg2b	captcha_images/img816.png
817	ndme7	captcha_images/img817.png
818	ndyfe	captcha_images/img818.png
819	ne325	captcha_images/img819.png
820	neecd	captcha_images/img820.png
821	neggn	captcha_images/img821.png
822	nf2n8	captcha_images/img822.png
823	nf7bn	captcha_images/img823.png
824	nf8b8	captcha_images/img824.png
825	nfbg8	captcha_images/img825.png
826	nfcb5	captcha_images/img826.png
827	nfcwy	captcha_images/img827.png
828	nfd8g	captcha_images/img828.png
829	nfg23	captcha_images/img829.png
830	nfndw	captcha_images/img830.png
831	ng2gw	captcha_images/img831.png
832	ng46m	captcha_images/img832.png
833	ng6yp	captcha_images/img833.png
834	ng756	captcha_images/img834.png
835	ngn26	captcha_images/img835.png
836	nm248	captcha_images/img836.png
837	nm46n	captcha_images/img837.png
838	nmw46	captcha_images/img838.png
839	nmy2x	captcha_images/img839.png
840	nn4wx	captcha_images/img840.png
841	nn6mg	captcha_images/img841.png
842	nn6w6	captcha_images/img842.png
843	nnf8b	captcha_images/img843.png
844	nnfx3	captcha_images/img844.png
845	nngxc	captcha_images/img845.png
846	nnn57	captcha_images/img846.png
847	nnn5p	captcha_images/img847.png
848	nnp4e	captcha_images/img848.png
849	nny5e	captcha_images/img849.png
850	npxb7	captcha_images/img850.png
851	nw5b2	captcha_images/img851.png
852	nwfde	captcha_images/img852.png
853	nwg2m	captcha_images/img853.png
854	nwncn	captcha_images/img854.png
855	nxc83	captcha_images/img855.png
856	nxcmn	captcha_images/img856.png
857	nxf2c	captcha_images/img857.png
858	nxn4f	captcha_images/img858.png
859	nxx25	captcha_images/img859.png
860	nxxf8	captcha_images/img860.png
861	ny3dw	captcha_images/img861.png
862	ny3nn	captcha_images/img862.png
863	ny5dp	captcha_images/img863.png
864	ny8np	captcha_images/img864.png
865	nybcx	captcha_images/img865.png
866	p24gn	captcha_images/img866.png
867	p2dw7	captcha_images/img867.png
868	p2m6n	captcha_images/img868.png
869	p2x7x	captcha_images/img869.png
870	p2ym2	captcha_images/img870.png
871	p4nm4	captcha_images/img871.png
872	p4pde	captcha_images/img872.png
873	p57fn	captcha_images/img873.png
874	p5g5m	captcha_images/img874.png
875	p5nce	captcha_images/img875.png
876	p6mn8	captcha_images/img876.png
877	p7fyp	captcha_images/img877.png
878	p8c24	captcha_images/img878.png
879	p8ngx	captcha_images/img879.png
880	p8wwf	captcha_images/img880.png
881	pbpgc	captcha_images/img881.png
882	pcede	captcha_images/img882.png
883	pcm7f	captcha_images/img883.png
884	pcmcc	captcha_images/img884.png
885	pcpg6	captcha_images/img885.png
886	pdcp4	captcha_images/img886.png
887	pdw38	captcha_images/img887.png
888	pdyc8	captcha_images/img888.png
889	pe4xn	captcha_images/img889.png
890	pf4nb	captcha_images/img890.png
891	pf5ng	captcha_images/img891.png
892	pg2pm	captcha_images/img892.png
893	pg2yx	captcha_images/img893.png
894	pg4bf	captcha_images/img894.png
895	pgg3n	captcha_images/img895.png
896	pgm2e	captcha_images/img896.png
897	pgmn2	captcha_images/img897.png
898	pgwnp	captcha_images/img898.png
899	pm363	captcha_images/img899.png
900	pm47f	captcha_images/img900.png
901	pmd3w	captcha_images/img901.png
902	pme86	captcha_images/img902.png
903	pmf5w	captcha_images/img903.png
904	pmg55	captcha_images/img904.png
905	pn7pn	captcha_images/img905.png
906	pnmxf	captcha_images/img906.png
907	pnnwy	captcha_images/img907.png
908	pp546	captcha_images/img908.png
909	pp87n	captcha_images/img909.png
910	ppwyd	captcha_images/img910.png
911	ppx77	captcha_images/img911.png
912	pw5nc	captcha_images/img912.png
913	pwebm	captcha_images/img913.png
914	pwmbn	captcha_images/img914.png
915	pwn5e	captcha_images/img915.png
916	px2xp	captcha_images/img916.png
917	px8n8	captcha_images/img917.png
918	pxdwp	captcha_images/img918.png
919	pxne8	captcha_images/img919.png
920	pybee	captcha_images/img920.png
921	pyefb	captcha_images/img921.png
922	pyf65	captcha_images/img922.png
923	pym7p	captcha_images/img923.png
924	w2e87	captcha_images/img924.png
925	w2n7e	captcha_images/img925.png
926	w2yp7	captcha_images/img926.png
927	w46ep	captcha_images/img927.png
928	w48cw	captcha_images/img928.png
929	w4cdc	captcha_images/img929.png
930	w4cnn	captcha_images/img930.png
931	w4nfx	captcha_images/img931.png
932	w4x2m	captcha_images/img932.png
933	w52fn	captcha_images/img933.png
934	w6ny4	captcha_images/img934.png
935	w6pxy	captcha_images/img935.png
936	w6yne	captcha_images/img936.png
937	w75w8	captcha_images/img937.png
938	w7e6m	captcha_images/img938.png
939	w8bnx	captcha_images/img939.png
940	w8f36	captcha_images/img940.png
941	wb3ed	captcha_images/img941.png
942	wbncw	captcha_images/img942.png
943	wc2bd	captcha_images/img943.png
944	wce5n	captcha_images/img944.png
945	wd2gb	captcha_images/img945.png
946	wddcp	captcha_images/img946.png
947	wdww8	captcha_images/img947.png
948	wecfd	captcha_images/img948.png
949	wf684	captcha_images/img949.png
950	wfy5m	captcha_images/img950.png
951	wg625	captcha_images/img951.png
952	wgnwp	captcha_images/img952.png
953	wm47f	captcha_images/img953.png
954	wm746	captcha_images/img954.png
955	wmpmp	captcha_images/img955.png
956	wnmyn	captcha_images/img956.png
957	wnpec	captcha_images/img957.png
958	wwmn6	captcha_images/img958.png
959	wxcn8	captcha_images/img959.png
960	wxy4n	captcha_images/img960.png
961	wyc25	captcha_images/img961.png
962	wye85	captcha_images/img962.png
963	x277e	captcha_images/img963.png
964	x2cnn	captcha_images/img964.png
965	x347n	captcha_images/img965.png
966	x362g	captcha_images/img966.png
967	x37bf	captcha_images/img967.png
968	x38fn	captcha_images/img968.png
969	x3deb	captcha_images/img969.png
970	x3fwf	captcha_images/img970.png
971	x44n4	captcha_images/img971.png
972	x458w	captcha_images/img972.png
973	x4f7g	captcha_images/img973.png
974	x4gg5	captcha_images/img974.png
975	x4pnp	captcha_images/img975.png
976	x5f54	captcha_images/img976.png
977	x5nyn	captcha_images/img977.png
978	x6b5m	captcha_images/img978.png
979	x6pdb	captcha_images/img979.png
980	x7422	captcha_images/img980.png
981	x74b2	captcha_images/img981.png
982	x7547	captcha_images/img982.png
983	x76mn	captcha_images/img983.png
984	x7746	captcha_images/img984.png
985	x775w	captcha_images/img985.png
986	x8e8n	captcha_images/img986.png
987	x8xnp	captcha_images/img987.png
988	xbcbx	captcha_images/img988.png
989	xbem6	captcha_images/img989.png
990	xc68n	captcha_images/img990.png
991	xce8d	captcha_images/img991.png
992	xcf88	captcha_images/img992.png
993	xcmbp	captcha_images/img993.png
994	xdcn4	captcha_images/img994.png
995	xdn65	captcha_images/img995.png
996	xe6eb	captcha_images/img996.png
997	xe8xm	captcha_images/img997.png
998	xemyg	captcha_images/img998.png
999	xf4p4	captcha_images/img999.png
1000	xf5g7	captcha_images/img1000.png
1001	xfg65	captcha_images/img1001.png
1002	xfgxb	captcha_images/img1002.png
1003	xfn6n	captcha_images/img1003.png
1004	xgcxy	captcha_images/img1004.png
1005	xmcym	captcha_images/img1005.png
1006	xnd3y	captcha_images/img1006.png
1007	xnfx5	captcha_images/img1007.png
1008	xngxc	captcha_images/img1008.png
1009	xnn4d	captcha_images/img1009.png
1010	xnnc3	captcha_images/img1010.png
1011	xp24p	captcha_images/img1011.png
1012	xw465	captcha_images/img1012.png
1013	xwx7d	captcha_images/img1013.png
1014	xxbm5	captcha_images/img1014.png
1015	xxney	captcha_images/img1015.png
1016	xxw44	captcha_images/img1016.png
1017	xymfn	captcha_images/img1017.png
1018	xyncc	captcha_images/img1018.png
1019	xyyyw	captcha_images/img1019.png
1020	y2436	captcha_images/img1020.png
1021	y2xg4	captcha_images/img1021.png
1022	y2ye8	captcha_images/img1022.png
1023	y32yy	captcha_images/img1023.png
1024	y33nm	captcha_images/img1024.png
1025	y3c58	captcha_images/img1025.png
1026	y48c3	captcha_images/img1026.png
1027	y4ec2	captcha_images/img1027.png
1028	y4g3b	captcha_images/img1028.png
1029	y4n6m	captcha_images/img1029.png
1030	y53c2	captcha_images/img1030.png
1031	y5dpp	captcha_images/img1031.png
1032	y5g87	captcha_images/img1032.png
1033	y5n6d	captcha_images/img1033.png
1034	y5w28	captcha_images/img1034.png
1035	y7d75	captcha_images/img1035.png
1036	y7mnm	captcha_images/img1036.png
1037	y7x8p	captcha_images/img1037.png
1038	y866y	captcha_images/img1038.png
1039	ybfx6	captcha_images/img1039.png
1040	ycmcw	captcha_images/img1040.png
1041	ycnfc	captcha_images/img1041.png
1042	yd38e	captcha_images/img1042.png
1043	yd3m3	captcha_images/img1043.png
1044	yd755	captcha_images/img1044.png
1045	ydd3g	captcha_images/img1045.png
1046	ydg8n	captcha_images/img1046.png
1047	yemy4	captcha_images/img1047.png
1048	yew6p	captcha_images/img1048.png
1049	yeyn4	captcha_images/img1049.png
1050	yf28d	captcha_images/img1050.png
1051	yf347	captcha_images/img1051.png
1052	yf424	captcha_images/img1052.png
1053	yfdn7	captcha_images/img1053.png
1054	yg5bb	captcha_images/img1054.png
1055	ygce8	captcha_images/img1055.png
1056	yge7c	captcha_images/img1056.png
1057	ygenn	captcha_images/img1057.png
1058	ygfwe	captcha_images/img1058.png
1059	ymp7g	captcha_images/img1059.png
1060	ypp8f	captcha_images/img1060.png
1061	ypw3d	captcha_images/img1061.png
1062	yw667	captcha_images/img1062.png
1063	yw7ny	captcha_images/img1063.png
1064	yw8y5	captcha_images/img1064.png
1065	ywn6f	captcha_images/img1065.png
1066	yx2d4	captcha_images/img1066.png
1067	yxd7m	captcha_images/img1067.png
1068	yy824	captcha_images/img1068.png
1069	yyg5g	captcha_images/img1069.png
1070	yyn57	captcha_images/img1070.png
\.


--
-- Data for Name: home_loggedinuser; Type: TABLE DATA; Schema: public; Owner: postgres
--

COPY public.home_loggedinuser (id, session_key, user_id) FROM stdin;
2	dkfx1my9o2kl1zx4bblws7h3y7fmqxki	3
4	0dai03d4htuzqi5dz5flko49e6yhr1v3	21
\.


--
-- Data for Name: home_multiplechoicequestion; Type: TABLE DATA; Schema: public; Owner: postgres
--

COPY public.home_multiplechoicequestion (id, question_no, question, option1, option2, option3, option4, answer, quiz_id, is_multiple_ans) FROM stdin;
1	1	1 + 1 = _________	1	2	3	4	2	1	N
2	3	2 * 2 =  ________	2	4	6	8	4	1	N
3	2	4 - 4 = _______	0	1	2	3	0	1	N
8	1	What is the capital of India?	New Delhi	Chicago	California	Vijayawada	New Delhi	37	N
9	2	who invented light bulb?	Edison	Newton	Einestine	Bose	Edison	37	N
10	3	Who discovered America?	Leonardo	Columbus	Babar	Leonardo	Columbus	37	N
67	1	Who invented c language?	Elon Musk	Dennis Ritche	Dr. Sam	Guido van Rossum	Dennis Ritche	39	N
68	2	Consider the following statements:\n1. Source code is written and readable computer programing instructions.\n2. Source code is written in ordinary text.	only 1	only 2	Both 1 and 2	Neither 1 nor 2	Both 1 and 2	39	N
69	3	The Fourth Generation Computer used 	Transistors	Integrated circuit	Vacuum tube	Microprocessor	Microprocessor	39	N
70	4	To store data and perform calculation, computer uses  number system.	Hecxadecimal	Octadecimal	Binary	Decimal	Binary	39	N
71	5	Which among the following correctly defines the working of a computer?	Calculate and process all sorts of data useful for human beings	Store data	Store data and delete data	Play movie and video games	Calculate and process all sorts of data useful for human beings	39	N
98	1	20+20	10	20	40	30	40	38	N
99	2	2*10	10	5	1	20	20	38	N
100	3	"5/2"	2.5	3	5	10	2.5	38	N
102	5	Which of the following are even numbers?	1	2	3	4	2 ~ 4	38	Y
101	4	"10-2"	10	9	8	7	8	38	N
115	1	Which of the following are positive numbers?	-1	-2	1	2	1 ~ 2	46	Y
116	2	Which of the following is even number?	1	2	3	7	2	46	N
117	3	Is 2 an even number?	T	F	nan	nan	T	46	N
118	4	What is the squareroot of 4?	1	2	3	nan	2	46	N
\.


--
-- Data for Name: home_qpuser; Type: TABLE DATA; Schema: public; Owner: postgres
--

COPY public.home_qpuser (id, password, last_login, is_superuser, username, first_name, last_name, email, is_staff, is_active, date_joined, gender, mobile_number, idno, date_of_birth, is_teacher, is_student, school_id, section_id, standard_id) FROM stdin;
5	pbkdf2_sha256$216000$E7ZNG35Ilqd7$e8PFW/7ThOvFfWL+Jm6FovpDb/zCTffokz+mwRw7jH0=	2020-10-30 16:35:39.508721+05:30	f	student3@gmail.com	student	no3	student3@gmail.com	f	t	2020-10-30 22:05:26.13117+05:30	Female	42	52	2000-07-19	f	t	1	1	1
23	pbkdf2_sha256$216000$jML78M3Edt4F$Of/gMFaJG+ZyCKXn2MQmeLQQ/2ye1cdpeIJy/uLs62A=	2020-11-12 11:24:56.71934+05:30	f	defaultteacher@gmail.com	default	teacher	defaultteacher@gmail.com	f	t	2020-10-30 19:11:26.119702+05:30	Male	21251	1	2000-07-16	t	f	1	1	1
14	pbkdf2_sha256$216000$O9TbBsMwngvR$GGb7PgHR8D1Y2Fom755q5Y+gweHdKsif0aHZIeI0Pjs=	\N	f	teacher5@gmail.com	teacher	no5	teacher5@gmail.com	f	t	2020-11-25 02:00:54.290057+05:30	Male	1234567891	124	2020-08-05	t	f	2	6	4
13	pbkdf2_sha256$216000$hUvHmQ6TTHrw$AlnoNgGgnSKpujbHFtp30AeBWL3uCxC49DXowlN4fvI=	2020-11-24 20:32:56.182218+05:30	f	student5@gmail.com	student	no5	student5@gmail.com	f	t	2020-11-25 01:59:31.244403+05:30	Female	1234567891	123	2020-11-05	f	t	2	6	4
19	pbkdf2_sha256$216000$Dkory9lNQewC$LtNXE/Wj9ueLtpFEsF/S86vvHPPXhaNYQD+pE0YIUxo=	2020-12-23 15:53:05.732075+05:30	f	student1@gmail.com	student	no11	student1@gmail.com	f	t	2020-10-20 05:03:28.598484+05:30	Female	1234	1	2000-07-16	f	t	1	1	1
8	pbkdf2_sha256$216000$m8snQRuENTpe$vvTCyChx82Pt5A29uYcte2TxfpAvWYz4foeMpJP81BM=	\N	f	student4@gmail.com	student	no4	student4@gmail.com	f	t	2020-11-23 23:47:12.041703+05:30	Female	1234567891	1	2020-11-12	f	t	2	6	4
9	pbkdf2_sha256$216000$PIpwLxSzUqMq$bndnYPWlsKCpMK2wcntOTyRwNAJwulg9J8JwZ7SMRtU=	2020-11-23 18:18:32.865439+05:30	f	teacher2@gmail.com	teacher	2	teacher2@gmail.com	f	t	2020-11-23 23:47:58.197334+05:30	Others	1234567891	232	2020-11-05	t	f	2	6	4
3	pbkdf2_sha256$216000$rbizY6xyKtfP$RnCvG8MACqTnrGb7U/p+Qv7YCCvayljPDHUb6HtIlPY=	2020-12-23 16:41:18.076191+05:30	t	admin				t	t	2020-10-19 21:24:03.157339+05:30				2020-10-19	f	f	1	1	1
22	pbkdf2_sha256$216000$odSgOH7fRE4u$yEJzR8LP2FLMOg9WqAyRU4x1MRGNoeTH6Z4vn1msFkE=	2020-11-26 19:27:47.075189+05:30	f	student2@gmail.com	student	no2	student2@gmail.com	f	t	2020-10-21 16:06:40.38091+05:30	Male	2145	3	2000-07-16	f	t	2	1	2
15	pbkdf2_sha256$216000$56ESycbFN82X$G6O0KR+xwg0ShPg8QqVyz9Ax6AV5VB9BnEROSaQ5ff8=	2020-11-30 19:42:42.171657+05:30	f	student6@gmail.com	student	no6	student6@gmail.com	f	t	2020-11-30 19:40:29.789812+05:30	Male	1234567890	1	2020-11-06	f	t	1	1	1
10	pbkdf2_sha256$216000$DsM1pVMq1FnU$x3U0BZdUgOaAjahgC51omnUgLSaf8VfT7PTV/+wDClg=	\N	f	teacher3@gmail.com	teacher	no3	teacher3@gmail.com	f	t	2020-11-24 04:06:36.331942+05:30	Female	1234567897	123	2020-11-22	t	f	2	6	4
12	pbkdf2_sha256$216000$ZnIivrZ2lzbq$GJUO4+WQM0Z/bpky5Wq48ievIwJq0xTLvtSVxERDMlw=	\N	f	teacher4@gmail.com	teacher	no4	teacher4@gmail.com	f	t	2020-11-24 04:10:06.342348+05:30	Female	1234567897	123	2020-11-22	t	f	2	6	4
16	pbkdf2_sha256$216000$NxvBct0DPskR$sIIEqHsQ5KuXN5E6VXqxWxOmWCB6SdJG0/jeDucQeR0=	2020-11-30 19:42:59.870892+05:30	f	teacher6@gmail.com	teacher	no6	teacher6@gmail.com	f	t	2020-11-30 19:41:57.062987+05:30	Male	7894561330	1	2020-11-05	t	f	1	1	1
21	pbkdf2_sha256$216000$NCS2Smcuj91A$GqttnnyiSNp0BTKJ65LiBOBCwQ9jvBobkM4IG+PUc1g=	2020-12-23 17:24:40.438408+05:30	f	teacher1@gmail.com	teacher	no1	teacher1@gmail.com	f	t	2020-10-20 05:08:59.693111+05:30	Female	1234	2	2000-07-16	t	f	1	1	1
\.


--
-- Data for Name: home_qpuser_groups; Type: TABLE DATA; Schema: public; Owner: postgres
--

COPY public.home_qpuser_groups (id, qpuser_id, group_id) FROM stdin;
\.


--
-- Data for Name: home_qpuser_user_permissions; Type: TABLE DATA; Schema: public; Owner: postgres
--

COPY public.home_qpuser_user_permissions (id, qpuser_id, permission_id) FROM stdin;
\.


--
-- Data for Name: home_quiz; Type: TABLE DATA; Schema: public; Owner: postgres
--

COPY public.home_quiz (id, name, date_created, start_time, quiz_description, duration, assigned_to_id, created_by_id, end_time) FROM stdin;
1	Maths Quiz	2020-10-30 14:31:26.28863+05:30	2020-10-30 20:00:10+05:30	quiz on arithmatic operations	10	1	23	2020-11-17 05:05:53.126755+05:30
40	cse quiz	2020-11-12 11:23:06.011086+05:30	2020-11-12 16:52:14+05:30	Description	1	2	23	2020-11-17 05:05:53.126755+05:30
38	maths quiz	2020-11-23 13:52:34.873863+05:30	2020-11-10 00:53:16+05:30	questions regarding operators	10	1	21	2020-11-17 05:05:53.126755+05:30
48	bmnmnb	2020-11-24 20:14:08.154726+05:30	2020-11-04 01:43:00+05:30	nbb	10	1	21	2020-11-04 01:44:00+05:30
45	science quiz	2020-11-30 15:02:53.226393+05:30	2020-11-13 20:59:00+05:30	fdsavdas	12	2	21	2020-11-12 21:00:00+05:30
46	maths quiz 2	2020-11-30 15:05:09.163197+05:30	2020-11-30 08:58:00+05:30	cdsac dsc                 dddddddddddddddddddddddddddddddddddddddddddddddddddddddddddddddddddddddddddddddddddddddddddddddddddddddddddddddddddddddddddddddddddddddddddddddddddddddddddddddddddddddddddddd	2	1	21	2020-12-01 20:58:00+05:30
39	computer science quiz	2020-12-23 17:45:52.112691+05:30	2020-11-12 15:52:00+05:30	quiz on general computer science questions	1	2	21	2020-12-30 05:05:00+05:30
37	social	2020-12-23 17:46:26.852733+05:30	2020-12-30 21:47:00+05:30	Descripticdscdscon	1	1	21	2020-11-30 05:05:00+05:30
\.


--
-- Data for Name: home_school; Type: TABLE DATA; Schema: public; Owner: postgres
--

COPY public.home_school (id, school_name, address) FROM stdin;
1	school1	schoo1 address
2	school2	school2 address
\.


--
-- Data for Name: home_score; Type: TABLE DATA; Schema: public; Owner: postgres
--

COPY public.home_score (id, score, qpuser_id, quizid_id, max_score) FROM stdin;
23	5	21	38	5
24	1	19	38	5
25	2	21	37	3
26	4	21	39	5
27	2	19	37	3
28	4	21	46	4
29	4	19	46	4
\.


--
-- Data for Name: home_section; Type: TABLE DATA; Schema: public; Owner: postgres
--

COPY public.home_section (id, section_name, standard_id) FROM stdin;
1	section 1	1
2	section 2	1
3	section 3	1
4	section 1	2
5	section 2	2
6	section 1	4
7	section 1	5
\.


--
-- Data for Name: home_standard; Type: TABLE DATA; Schema: public; Owner: postgres
--

COPY public.home_standard (id, standard_name, school_id) FROM stdin;
1	1st class	1
2	2nd class	1
3	3rd class	1
4	1st class	2
5	10th class	2
\.


--
-- Name: auth_group_id_seq; Type: SEQUENCE SET; Schema: public; Owner: postgres
--

SELECT pg_catalog.setval('public.auth_group_id_seq', 1, false);


--
-- Name: auth_group_permissions_id_seq; Type: SEQUENCE SET; Schema: public; Owner: postgres
--

SELECT pg_catalog.setval('public.auth_group_permissions_id_seq', 1, false);


--
-- Name: auth_permission_id_seq; Type: SEQUENCE SET; Schema: public; Owner: postgres
--

SELECT pg_catalog.setval('public.auth_permission_id_seq', 60, true);


--
-- Name: django_admin_log_id_seq; Type: SEQUENCE SET; Schema: public; Owner: postgres
--

SELECT pg_catalog.setval('public.django_admin_log_id_seq', 1041, true);


--
-- Name: django_content_type_id_seq; Type: SEQUENCE SET; Schema: public; Owner: postgres
--

SELECT pg_catalog.setval('public.django_content_type_id_seq', 15, true);


--
-- Name: django_migrations_id_seq; Type: SEQUENCE SET; Schema: public; Owner: postgres
--

SELECT pg_catalog.setval('public.django_migrations_id_seq', 32, true);


--
-- Name: home_captcha_id_seq; Type: SEQUENCE SET; Schema: public; Owner: postgres
--

SELECT pg_catalog.setval('public.home_captcha_id_seq', 1040, true);


--
-- Name: home_loggedinuser_id_seq; Type: SEQUENCE SET; Schema: public; Owner: postgres
--

SELECT pg_catalog.setval('public.home_loggedinuser_id_seq', 4, true);


--
-- Name: home_multiplechoicequestion_id_seq; Type: SEQUENCE SET; Schema: public; Owner: postgres
--

SELECT pg_catalog.setval('public.home_multiplechoicequestion_id_seq', 118, true);


--
-- Name: home_qpuser_groups_id_seq; Type: SEQUENCE SET; Schema: public; Owner: postgres
--

SELECT pg_catalog.setval('public.home_qpuser_groups_id_seq', 1, false);


--
-- Name: home_qpuser_id_seq; Type: SEQUENCE SET; Schema: public; Owner: postgres
--

SELECT pg_catalog.setval('public.home_qpuser_id_seq', 16, true);


--
-- Name: home_qpuser_user_permissions_id_seq; Type: SEQUENCE SET; Schema: public; Owner: postgres
--

SELECT pg_catalog.setval('public.home_qpuser_user_permissions_id_seq', 1, false);


--
-- Name: home_quiz_id_seq; Type: SEQUENCE SET; Schema: public; Owner: postgres
--

SELECT pg_catalog.setval('public.home_quiz_id_seq', 48, true);


--
-- Name: home_school_id_seq; Type: SEQUENCE SET; Schema: public; Owner: postgres
--

SELECT pg_catalog.setval('public.home_school_id_seq', 1, false);


--
-- Name: home_score_id_seq; Type: SEQUENCE SET; Schema: public; Owner: postgres
--

SELECT pg_catalog.setval('public.home_score_id_seq', 29, true);


--
-- Name: home_section_id_seq; Type: SEQUENCE SET; Schema: public; Owner: postgres
--

SELECT pg_catalog.setval('public.home_section_id_seq', 1, false);


--
-- Name: home_standard_id_seq; Type: SEQUENCE SET; Schema: public; Owner: postgres
--

SELECT pg_catalog.setval('public.home_standard_id_seq', 1, false);


--
-- Name: auth_group auth_group_name_key; Type: CONSTRAINT; Schema: public; Owner: postgres
--

ALTER TABLE ONLY public.auth_group
    ADD CONSTRAINT auth_group_name_key UNIQUE (name);


--
-- Name: auth_group_permissions auth_group_permissions_group_id_permission_id_0cd325b0_uniq; Type: CONSTRAINT; Schema: public; Owner: postgres
--

ALTER TABLE ONLY public.auth_group_permissions
    ADD CONSTRAINT auth_group_permissions_group_id_permission_id_0cd325b0_uniq UNIQUE (group_id, permission_id);


--
-- Name: auth_group_permissions auth_group_permissions_pkey; Type: CONSTRAINT; Schema: public; Owner: postgres
--

ALTER TABLE ONLY public.auth_group_permissions
    ADD CONSTRAINT auth_group_permissions_pkey PRIMARY KEY (id);


--
-- Name: auth_group auth_group_pkey; Type: CONSTRAINT; Schema: public; Owner: postgres
--

ALTER TABLE ONLY public.auth_group
    ADD CONSTRAINT auth_group_pkey PRIMARY KEY (id);


--
-- Name: auth_permission auth_permission_content_type_id_codename_01ab375a_uniq; Type: CONSTRAINT; Schema: public; Owner: postgres
--

ALTER TABLE ONLY public.auth_permission
    ADD CONSTRAINT auth_permission_content_type_id_codename_01ab375a_uniq UNIQUE (content_type_id, codename);


--
-- Name: auth_permission auth_permission_pkey; Type: CONSTRAINT; Schema: public; Owner: postgres
--

ALTER TABLE ONLY public.auth_permission
    ADD CONSTRAINT auth_permission_pkey PRIMARY KEY (id);


--
-- Name: django_admin_log django_admin_log_pkey; Type: CONSTRAINT; Schema: public; Owner: postgres
--

ALTER TABLE ONLY public.django_admin_log
    ADD CONSTRAINT django_admin_log_pkey PRIMARY KEY (id);


--
-- Name: django_content_type django_content_type_app_label_model_76bd3d3b_uniq; Type: CONSTRAINT; Schema: public; Owner: postgres
--

ALTER TABLE ONLY public.django_content_type
    ADD CONSTRAINT django_content_type_app_label_model_76bd3d3b_uniq UNIQUE (app_label, model);


--
-- Name: django_content_type django_content_type_pkey; Type: CONSTRAINT; Schema: public; Owner: postgres
--

ALTER TABLE ONLY public.django_content_type
    ADD CONSTRAINT django_content_type_pkey PRIMARY KEY (id);


--
-- Name: django_migrations django_migrations_pkey; Type: CONSTRAINT; Schema: public; Owner: postgres
--

ALTER TABLE ONLY public.django_migrations
    ADD CONSTRAINT django_migrations_pkey PRIMARY KEY (id);


--
-- Name: django_session django_session_pkey; Type: CONSTRAINT; Schema: public; Owner: postgres
--

ALTER TABLE ONLY public.django_session
    ADD CONSTRAINT django_session_pkey PRIMARY KEY (session_key);


--
-- Name: home_captcha home_captcha_pkey; Type: CONSTRAINT; Schema: public; Owner: postgres
--

ALTER TABLE ONLY public.home_captcha
    ADD CONSTRAINT home_captcha_pkey PRIMARY KEY (id);


--
-- Name: home_loggedinuser home_loggedinuser_pkey; Type: CONSTRAINT; Schema: public; Owner: postgres
--

ALTER TABLE ONLY public.home_loggedinuser
    ADD CONSTRAINT home_loggedinuser_pkey PRIMARY KEY (id);


--
-- Name: home_loggedinuser home_loggedinuser_user_id_key; Type: CONSTRAINT; Schema: public; Owner: postgres
--

ALTER TABLE ONLY public.home_loggedinuser
    ADD CONSTRAINT home_loggedinuser_user_id_key UNIQUE (user_id);


--
-- Name: home_multiplechoicequestion home_multiplechoicequestion_pkey; Type: CONSTRAINT; Schema: public; Owner: postgres
--

ALTER TABLE ONLY public.home_multiplechoicequestion
    ADD CONSTRAINT home_multiplechoicequestion_pkey PRIMARY KEY (id);


--
-- Name: home_qpuser_groups home_qpuser_groups_pkey; Type: CONSTRAINT; Schema: public; Owner: postgres
--

ALTER TABLE ONLY public.home_qpuser_groups
    ADD CONSTRAINT home_qpuser_groups_pkey PRIMARY KEY (id);


--
-- Name: home_qpuser_groups home_qpuser_groups_qpuser_id_group_id_bf37868c_uniq; Type: CONSTRAINT; Schema: public; Owner: postgres
--

ALTER TABLE ONLY public.home_qpuser_groups
    ADD CONSTRAINT home_qpuser_groups_qpuser_id_group_id_bf37868c_uniq UNIQUE (qpuser_id, group_id);


--
-- Name: home_qpuser home_qpuser_pkey; Type: CONSTRAINT; Schema: public; Owner: postgres
--

ALTER TABLE ONLY public.home_qpuser
    ADD CONSTRAINT home_qpuser_pkey PRIMARY KEY (id);


--
-- Name: home_qpuser_user_permissions home_qpuser_user_permiss_qpuser_id_permission_id_57be4be0_uniq; Type: CONSTRAINT; Schema: public; Owner: postgres
--

ALTER TABLE ONLY public.home_qpuser_user_permissions
    ADD CONSTRAINT home_qpuser_user_permiss_qpuser_id_permission_id_57be4be0_uniq UNIQUE (qpuser_id, permission_id);


--
-- Name: home_qpuser_user_permissions home_qpuser_user_permissions_pkey; Type: CONSTRAINT; Schema: public; Owner: postgres
--

ALTER TABLE ONLY public.home_qpuser_user_permissions
    ADD CONSTRAINT home_qpuser_user_permissions_pkey PRIMARY KEY (id);


--
-- Name: home_qpuser home_qpuser_username_key; Type: CONSTRAINT; Schema: public; Owner: postgres
--

ALTER TABLE ONLY public.home_qpuser
    ADD CONSTRAINT home_qpuser_username_key UNIQUE (username);


--
-- Name: home_quiz home_quiz_pkey; Type: CONSTRAINT; Schema: public; Owner: postgres
--

ALTER TABLE ONLY public.home_quiz
    ADD CONSTRAINT home_quiz_pkey PRIMARY KEY (id);


--
-- Name: home_school home_school_pkey; Type: CONSTRAINT; Schema: public; Owner: postgres
--

ALTER TABLE ONLY public.home_school
    ADD CONSTRAINT home_school_pkey PRIMARY KEY (id);


--
-- Name: home_score home_score_pkey; Type: CONSTRAINT; Schema: public; Owner: postgres
--

ALTER TABLE ONLY public.home_score
    ADD CONSTRAINT home_score_pkey PRIMARY KEY (id);


--
-- Name: home_section home_section_pkey; Type: CONSTRAINT; Schema: public; Owner: postgres
--

ALTER TABLE ONLY public.home_section
    ADD CONSTRAINT home_section_pkey PRIMARY KEY (id);


--
-- Name: home_standard home_standard_pkey; Type: CONSTRAINT; Schema: public; Owner: postgres
--

ALTER TABLE ONLY public.home_standard
    ADD CONSTRAINT home_standard_pkey PRIMARY KEY (id);


--
-- Name: auth_group_name_a6ea08ec_like; Type: INDEX; Schema: public; Owner: postgres
--

CREATE INDEX auth_group_name_a6ea08ec_like ON public.auth_group USING btree (name varchar_pattern_ops);


--
-- Name: auth_group_permissions_group_id_b120cbf9; Type: INDEX; Schema: public; Owner: postgres
--

CREATE INDEX auth_group_permissions_group_id_b120cbf9 ON public.auth_group_permissions USING btree (group_id);


--
-- Name: auth_group_permissions_permission_id_84c5c92e; Type: INDEX; Schema: public; Owner: postgres
--

CREATE INDEX auth_group_permissions_permission_id_84c5c92e ON public.auth_group_permissions USING btree (permission_id);


--
-- Name: auth_permission_content_type_id_2f476e4b; Type: INDEX; Schema: public; Owner: postgres
--

CREATE INDEX auth_permission_content_type_id_2f476e4b ON public.auth_permission USING btree (content_type_id);


--
-- Name: django_admin_log_content_type_id_c4bce8eb; Type: INDEX; Schema: public; Owner: postgres
--

CREATE INDEX django_admin_log_content_type_id_c4bce8eb ON public.django_admin_log USING btree (content_type_id);


--
-- Name: django_admin_log_user_id_c564eba6; Type: INDEX; Schema: public; Owner: postgres
--

CREATE INDEX django_admin_log_user_id_c564eba6 ON public.django_admin_log USING btree (user_id);


--
-- Name: django_session_expire_date_a5c62663; Type: INDEX; Schema: public; Owner: postgres
--

CREATE INDEX django_session_expire_date_a5c62663 ON public.django_session USING btree (expire_date);


--
-- Name: django_session_session_key_c0390e0f_like; Type: INDEX; Schema: public; Owner: postgres
--

CREATE INDEX django_session_session_key_c0390e0f_like ON public.django_session USING btree (session_key varchar_pattern_ops);


--
-- Name: home_multiplechoicequestion_quiz_id_7db1c67e; Type: INDEX; Schema: public; Owner: postgres
--

CREATE INDEX home_multiplechoicequestion_quiz_id_7db1c67e ON public.home_multiplechoicequestion USING btree (quiz_id);


--
-- Name: home_qpuser_groups_group_id_bd580474; Type: INDEX; Schema: public; Owner: postgres
--

CREATE INDEX home_qpuser_groups_group_id_bd580474 ON public.home_qpuser_groups USING btree (group_id);


--
-- Name: home_qpuser_groups_qpuser_id_845964da; Type: INDEX; Schema: public; Owner: postgres
--

CREATE INDEX home_qpuser_groups_qpuser_id_845964da ON public.home_qpuser_groups USING btree (qpuser_id);


--
-- Name: home_qpuser_school_id_84f0faf6; Type: INDEX; Schema: public; Owner: postgres
--

CREATE INDEX home_qpuser_school_id_84f0faf6 ON public.home_qpuser USING btree (school_id);


--
-- Name: home_qpuser_section_id_8b971279; Type: INDEX; Schema: public; Owner: postgres
--

CREATE INDEX home_qpuser_section_id_8b971279 ON public.home_qpuser USING btree (section_id);


--
-- Name: home_qpuser_standard_id_ec888887; Type: INDEX; Schema: public; Owner: postgres
--

CREATE INDEX home_qpuser_standard_id_ec888887 ON public.home_qpuser USING btree (standard_id);


--
-- Name: home_qpuser_user_permissions_permission_id_2da19c30; Type: INDEX; Schema: public; Owner: postgres
--

CREATE INDEX home_qpuser_user_permissions_permission_id_2da19c30 ON public.home_qpuser_user_permissions USING btree (permission_id);


--
-- Name: home_qpuser_user_permissions_qpuser_id_6970b152; Type: INDEX; Schema: public; Owner: postgres
--

CREATE INDEX home_qpuser_user_permissions_qpuser_id_6970b152 ON public.home_qpuser_user_permissions USING btree (qpuser_id);


--
-- Name: home_qpuser_username_dd7daaa4_like; Type: INDEX; Schema: public; Owner: postgres
--

CREATE INDEX home_qpuser_username_dd7daaa4_like ON public.home_qpuser USING btree (username varchar_pattern_ops);


--
-- Name: home_quiz_assigned_to_id_5ae9fd2a; Type: INDEX; Schema: public; Owner: postgres
--

CREATE INDEX home_quiz_assigned_to_id_5ae9fd2a ON public.home_quiz USING btree (assigned_to_id);


--
-- Name: home_quiz_created_by_id_4835fb71; Type: INDEX; Schema: public; Owner: postgres
--

CREATE INDEX home_quiz_created_by_id_4835fb71 ON public.home_quiz USING btree (created_by_id);


--
-- Name: home_score_qpuser_id_eeb61268; Type: INDEX; Schema: public; Owner: postgres
--

CREATE INDEX home_score_qpuser_id_eeb61268 ON public.home_score USING btree (qpuser_id);


--
-- Name: home_score_quizid_id_d3a6f0cc; Type: INDEX; Schema: public; Owner: postgres
--

CREATE INDEX home_score_quizid_id_d3a6f0cc ON public.home_score USING btree (quizid_id);


--
-- Name: home_section_standard_id_1d17993d; Type: INDEX; Schema: public; Owner: postgres
--

CREATE INDEX home_section_standard_id_1d17993d ON public.home_section USING btree (standard_id);


--
-- Name: home_standard_school_id_88b74c52; Type: INDEX; Schema: public; Owner: postgres
--

CREATE INDEX home_standard_school_id_88b74c52 ON public.home_standard USING btree (school_id);


--
-- Name: auth_group_permissions auth_group_permissio_permission_id_84c5c92e_fk_auth_perm; Type: FK CONSTRAINT; Schema: public; Owner: postgres
--

ALTER TABLE ONLY public.auth_group_permissions
    ADD CONSTRAINT auth_group_permissio_permission_id_84c5c92e_fk_auth_perm FOREIGN KEY (permission_id) REFERENCES public.auth_permission(id) DEFERRABLE INITIALLY DEFERRED;


--
-- Name: auth_group_permissions auth_group_permissions_group_id_b120cbf9_fk_auth_group_id; Type: FK CONSTRAINT; Schema: public; Owner: postgres
--

ALTER TABLE ONLY public.auth_group_permissions
    ADD CONSTRAINT auth_group_permissions_group_id_b120cbf9_fk_auth_group_id FOREIGN KEY (group_id) REFERENCES public.auth_group(id) DEFERRABLE INITIALLY DEFERRED;


--
-- Name: auth_permission auth_permission_content_type_id_2f476e4b_fk_django_co; Type: FK CONSTRAINT; Schema: public; Owner: postgres
--

ALTER TABLE ONLY public.auth_permission
    ADD CONSTRAINT auth_permission_content_type_id_2f476e4b_fk_django_co FOREIGN KEY (content_type_id) REFERENCES public.django_content_type(id) DEFERRABLE INITIALLY DEFERRED;


--
-- Name: django_admin_log django_admin_log_content_type_id_c4bce8eb_fk_django_co; Type: FK CONSTRAINT; Schema: public; Owner: postgres
--

ALTER TABLE ONLY public.django_admin_log
    ADD CONSTRAINT django_admin_log_content_type_id_c4bce8eb_fk_django_co FOREIGN KEY (content_type_id) REFERENCES public.django_content_type(id) DEFERRABLE INITIALLY DEFERRED;


--
-- Name: django_admin_log django_admin_log_user_id_c564eba6_fk_home_qpuser_id; Type: FK CONSTRAINT; Schema: public; Owner: postgres
--

ALTER TABLE ONLY public.django_admin_log
    ADD CONSTRAINT django_admin_log_user_id_c564eba6_fk_home_qpuser_id FOREIGN KEY (user_id) REFERENCES public.home_qpuser(id) DEFERRABLE INITIALLY DEFERRED;


--
-- Name: home_loggedinuser home_loggedinuser_user_id_8bd2886e_fk_home_qpuser_id; Type: FK CONSTRAINT; Schema: public; Owner: postgres
--

ALTER TABLE ONLY public.home_loggedinuser
    ADD CONSTRAINT home_loggedinuser_user_id_8bd2886e_fk_home_qpuser_id FOREIGN KEY (user_id) REFERENCES public.home_qpuser(id) DEFERRABLE INITIALLY DEFERRED;


--
-- Name: home_multiplechoicequestion home_multiplechoicequestion_quiz_id_7db1c67e_fk_home_quiz_id; Type: FK CONSTRAINT; Schema: public; Owner: postgres
--

ALTER TABLE ONLY public.home_multiplechoicequestion
    ADD CONSTRAINT home_multiplechoicequestion_quiz_id_7db1c67e_fk_home_quiz_id FOREIGN KEY (quiz_id) REFERENCES public.home_quiz(id) DEFERRABLE INITIALLY DEFERRED;


--
-- Name: home_qpuser_groups home_qpuser_groups_group_id_bd580474_fk_auth_group_id; Type: FK CONSTRAINT; Schema: public; Owner: postgres
--

ALTER TABLE ONLY public.home_qpuser_groups
    ADD CONSTRAINT home_qpuser_groups_group_id_bd580474_fk_auth_group_id FOREIGN KEY (group_id) REFERENCES public.auth_group(id) DEFERRABLE INITIALLY DEFERRED;


--
-- Name: home_qpuser_groups home_qpuser_groups_qpuser_id_845964da_fk_home_qpuser_id; Type: FK CONSTRAINT; Schema: public; Owner: postgres
--

ALTER TABLE ONLY public.home_qpuser_groups
    ADD CONSTRAINT home_qpuser_groups_qpuser_id_845964da_fk_home_qpuser_id FOREIGN KEY (qpuser_id) REFERENCES public.home_qpuser(id) DEFERRABLE INITIALLY DEFERRED;


--
-- Name: home_qpuser home_qpuser_school_id_84f0faf6_fk_home_school_id; Type: FK CONSTRAINT; Schema: public; Owner: postgres
--

ALTER TABLE ONLY public.home_qpuser
    ADD CONSTRAINT home_qpuser_school_id_84f0faf6_fk_home_school_id FOREIGN KEY (school_id) REFERENCES public.home_school(id) DEFERRABLE INITIALLY DEFERRED;


--
-- Name: home_qpuser home_qpuser_section_id_8b971279_fk_home_section_id; Type: FK CONSTRAINT; Schema: public; Owner: postgres
--

ALTER TABLE ONLY public.home_qpuser
    ADD CONSTRAINT home_qpuser_section_id_8b971279_fk_home_section_id FOREIGN KEY (section_id) REFERENCES public.home_section(id) DEFERRABLE INITIALLY DEFERRED;


--
-- Name: home_qpuser home_qpuser_standard_id_ec888887_fk_home_standard_id; Type: FK CONSTRAINT; Schema: public; Owner: postgres
--

ALTER TABLE ONLY public.home_qpuser
    ADD CONSTRAINT home_qpuser_standard_id_ec888887_fk_home_standard_id FOREIGN KEY (standard_id) REFERENCES public.home_standard(id) DEFERRABLE INITIALLY DEFERRED;


--
-- Name: home_qpuser_user_permissions home_qpuser_user_per_permission_id_2da19c30_fk_auth_perm; Type: FK CONSTRAINT; Schema: public; Owner: postgres
--

ALTER TABLE ONLY public.home_qpuser_user_permissions
    ADD CONSTRAINT home_qpuser_user_per_permission_id_2da19c30_fk_auth_perm FOREIGN KEY (permission_id) REFERENCES public.auth_permission(id) DEFERRABLE INITIALLY DEFERRED;


--
-- Name: home_qpuser_user_permissions home_qpuser_user_per_qpuser_id_6970b152_fk_home_qpus; Type: FK CONSTRAINT; Schema: public; Owner: postgres
--

ALTER TABLE ONLY public.home_qpuser_user_permissions
    ADD CONSTRAINT home_qpuser_user_per_qpuser_id_6970b152_fk_home_qpus FOREIGN KEY (qpuser_id) REFERENCES public.home_qpuser(id) DEFERRABLE INITIALLY DEFERRED;


--
-- Name: home_quiz home_quiz_assigned_to_id_5ae9fd2a_fk_home_standard_id; Type: FK CONSTRAINT; Schema: public; Owner: postgres
--

ALTER TABLE ONLY public.home_quiz
    ADD CONSTRAINT home_quiz_assigned_to_id_5ae9fd2a_fk_home_standard_id FOREIGN KEY (assigned_to_id) REFERENCES public.home_standard(id) DEFERRABLE INITIALLY DEFERRED;


--
-- Name: home_quiz home_quiz_created_by_id_4835fb71_fk_home_qpuser_id; Type: FK CONSTRAINT; Schema: public; Owner: postgres
--

ALTER TABLE ONLY public.home_quiz
    ADD CONSTRAINT home_quiz_created_by_id_4835fb71_fk_home_qpuser_id FOREIGN KEY (created_by_id) REFERENCES public.home_qpuser(id) DEFERRABLE INITIALLY DEFERRED;


--
-- Name: home_score home_score_qpuser_id_eeb61268_fk_home_qpuser_id; Type: FK CONSTRAINT; Schema: public; Owner: postgres
--

ALTER TABLE ONLY public.home_score
    ADD CONSTRAINT home_score_qpuser_id_eeb61268_fk_home_qpuser_id FOREIGN KEY (qpuser_id) REFERENCES public.home_qpuser(id) DEFERRABLE INITIALLY DEFERRED;


--
-- Name: home_score home_score_quizid_id_d3a6f0cc_fk_home_quiz_id; Type: FK CONSTRAINT; Schema: public; Owner: postgres
--

ALTER TABLE ONLY public.home_score
    ADD CONSTRAINT home_score_quizid_id_d3a6f0cc_fk_home_quiz_id FOREIGN KEY (quizid_id) REFERENCES public.home_quiz(id) DEFERRABLE INITIALLY DEFERRED;


--
-- Name: home_section home_section_standard_id_1d17993d_fk_home_standard_id; Type: FK CONSTRAINT; Schema: public; Owner: postgres
--

ALTER TABLE ONLY public.home_section
    ADD CONSTRAINT home_section_standard_id_1d17993d_fk_home_standard_id FOREIGN KEY (standard_id) REFERENCES public.home_standard(id) DEFERRABLE INITIALLY DEFERRED;


--
-- Name: home_standard home_standard_school_id_88b74c52_fk_home_school_id; Type: FK CONSTRAINT; Schema: public; Owner: postgres
--

ALTER TABLE ONLY public.home_standard
    ADD CONSTRAINT home_standard_school_id_88b74c52_fk_home_school_id FOREIGN KEY (school_id) REFERENCES public.home_school(id) DEFERRABLE INITIALLY DEFERRED;


--
-- PostgreSQL database dump complete
--

